SyntaxError: Expected property name or '}' in JSON at position 1 (line 1 column 2)
    at JSON.parse (<anonymous>)
    at parse (D:\Projects\Satkhirar Amm\Satkhirar Amm - backend\node_modules\body-parser\lib\types\json.js:92:19)
    at D:\Projects\Satkhirar Amm\Satkhirar Amm - backend\node_modules\body-parser\lib\read.js:128:18
    at AsyncResource.runInAsyncScope (node:async_hooks:228:14)
    at invokeCallback (D:\Projects\Satkhirar Amm\Satkhirar Amm - backend\node_modules\raw-body\index.js:238:16)
    at done (D:\Projects\Satkhirar Amm\Satkhirar Amm - backend\node_modules\raw-body\index.js:227:7)
    at IncomingMessage.onEnd (D:\Projects\Satkhirar Amm\Satkhirar Amm - backend\node_modules\raw-body\index.js:287:7)
    at IncomingMessage.emit (node:events:508:28)
    at endReadableNT (node:internal/streams/readable:1729:12)
    at process.processTicksAndRejections (node:internal/process/task_queues:90:21) {
  expose: true,
  statusCode: 400,
  status: 400,
  body: '{\\',
  type: 'entity.parse.failed'
}
MongoServerSelectionError: getaddrinfo ENOTFOUND ac-ypx2wjq-shard-00-01.fflsjqd.mongodb.net
    at Topology.selectServer (D:\Projects\Satkhirar Amm\Satkhirar Amm - backend\node_modules\mongodb\lib\sdam\topology.js:327:38)
    at async tryOperation (D:\Projects\Satkhirar Amm\Satkhirar Amm - backend\node_modules\mongodb\lib\operations\execute_operation.js:196:22)
    at async executeOperation (D:\Projects\Satkhirar Amm\Satkhirar Amm - backend\node_modules\mongodb\lib\operations\execute_operation.js:78:16)
    at async FindCursor._initialize (D:\Projects\Satkhirar Amm\Satkhirar Amm - backend\node_modules\mongodb\lib\cursor\find_cursor.js:62:26)
    at async FindCursor.cursorInit (D:\Projects\Satkhirar Amm\Satkhirar Amm - backend\node_modules\mongodb\lib\cursor\abstract_cursor.js:632:27)
    at async FindCursor.fetchBatch (D:\Projects\Satkhirar Amm\Satkhirar Amm - backend\node_modules\mongodb\lib\cursor\abstract_cursor.js:666:13)
    at async FindCursor.next (D:\Projects\Satkhirar Amm\Satkhirar Amm - backend\node_modules\mongodb\lib\cursor\abstract_cursor.js:342:17)
    at async [Symbol.asyncIterator] (D:\Projects\Satkhirar Amm\Satkhirar Amm - backend\node_modules\mongodb\lib\cursor\abstract_cursor.js:250:34)
    at async FindCursor.toArray (D:\Projects\Satkhirar Amm\Satkhirar Amm - backend\node_modules\mongodb\lib\cursor\abstract_cursor.js:422:26)
    at async model.Query._find (D:\Projects\Satkhirar Amm\Satkhirar Amm - backend\node_modules\mongoose\lib\query.js:2430:14) {
  errorLabelSet: Set(0) {},
  reason: TopologyDescription {
    type: 'ReplicaSetNoPrimary',
    servers: Map(3) {
      'ac-ypx2wjq-shard-00-00.fflsjqd.mongodb.net:27017' => [ServerDescription],
      'ac-ypx2wjq-shard-00-01.fflsjqd.mongodb.net:27017' => [ServerDescription],
      'ac-ypx2wjq-shard-00-02.fflsjqd.mongodb.net:27017' => [ServerDescription]
    },
    stale: false,
    compatible: true,
    heartbeatFrequencyMS: 10000,
    localThresholdMS: 15,
    setName: 'atlas-crbsjf-shard-0',
    maxElectionId: new ObjectId('7fffffff0000000000000146'),
    maxSetVersion: 315,
    commonWireVersion: 0,
    logicalSessionTimeoutMinutes: 30
  },
  code: undefined,
  [cause]: MongoNetworkError: getaddrinfo ENOTFOUND ac-ypx2wjq-shard-00-01.fflsjqd.mongodb.net
      at TLSSocket.<anonymous> (D:\Projects\Satkhirar Amm\Satkhirar Amm - backend\node_modules\mongodb\lib\cmap\connect.js:286:44)
      at Object.onceWrapper (node:events:623:26)
      at TLSSocket.emit (node:events:508:28)
      at emitErrorNT (node:internal/streams/destroy:170:8)
      at emitErrorCloseNT (node:internal/streams/destroy:129:3)
      at process.processTicksAndRejections (node:internal/process/task_queues:90:21) {
    errorLabelSet: Set(1) { 'ResetPool' },
    beforeHandshake: false,
    [cause]: Error: getaddrinfo ENOTFOUND ac-ypx2wjq-shard-00-01.fflsjqd.mongodb.net
        at GetAddrInfoReqWrap.onlookupall [as oncomplete] (node:dns:122:26) {
      errno: -3008,
      code: 'ENOTFOUND',
      syscall: 'getaddrinfo',
      hostname: 'ac-ypx2wjq-shard-00-01.fflsjqd.mongodb.net'
    }
  }
}
MongoServerSelectionError: getaddrinfo ENOTFOUND ac-ypx2wjq-shard-00-00.fflsjqd.mongodb.net
    at Topology.selectServer (D:\Projects\Satkhirar Amm\Satkhirar Amm - backend\node_modules\mongodb\lib\sdam\topology.js:327:38)
    at runNextTicks (node:internal/process/task_queues:65:5)
    at listOnTimeout (node:internal/timers:567:9)
    at process.processTimers (node:internal/timers:541:7)
    at async tryOperation (D:\Projects\Satkhirar Amm\Satkhirar Amm - backend\node_modules\mongodb\lib\operations\execute_operation.js:148:18)
    at async executeOperation (D:\Projects\Satkhirar Amm\Satkhirar Amm - backend\node_modules\mongodb\lib\operations\execute_operation.js:78:16)
    at async FindCursor._initialize (D:\Projects\Satkhirar Amm\Satkhirar Amm - backend\node_modules\mongodb\lib\cursor\find_cursor.js:62:26)
    at async FindCursor.cursorInit (D:\Projects\Satkhirar Amm\Satkhirar Amm - backend\node_modules\mongodb\lib\cursor\abstract_cursor.js:632:27)
    at async FindCursor.fetchBatch (D:\Projects\Satkhirar Amm\Satkhirar Amm - backend\node_modules\mongodb\lib\cursor\abstract_cursor.js:666:13)
    at async FindCursor.next (D:\Projects\Satkhirar Amm\Satkhirar Amm - backend\node_modules\mongodb\lib\cursor\abstract_cursor.js:342:17) {
  errorLabelSet: Set(0) {},
  reason: TopologyDescription {
    type: 'ReplicaSetNoPrimary',
    servers: Map(3) {
      'ac-ypx2wjq-shard-00-00.fflsjqd.mongodb.net:27017' => [ServerDescription],
      'ac-ypx2wjq-shard-00-01.fflsjqd.mongodb.net:27017' => [ServerDescription],
      'ac-ypx2wjq-shard-00-02.fflsjqd.mongodb.net:27017' => [ServerDescription]
    },
    stale: false,
    compatible: true,
    heartbeatFrequencyMS: 10000,
    localThresholdMS: 15,
    setName: 'atlas-crbsjf-shard-0',
    maxElectionId: new ObjectId('7fffffff0000000000000146'),
    maxSetVersion: 315,
    commonWireVersion: 0,
    logicalSessionTimeoutMinutes: null
  },
  code: undefined,
  [cause]: MongoNetworkError: getaddrinfo ENOTFOUND ac-ypx2wjq-shard-00-00.fflsjqd.mongodb.net
      at TLSSocket.<anonymous> (D:\Projects\Satkhirar Amm\Satkhirar Amm - backend\node_modules\mongodb\lib\cmap\connect.js:286:44)
      at Object.onceWrapper (node:events:623:26)
      at TLSSocket.emit (node:events:508:28)
      at emitErrorNT (node:internal/streams/destroy:170:8)
      at emitErrorCloseNT (node:internal/streams/destroy:129:3)
      at process.processTicksAndRejections (node:internal/process/task_queues:90:21) {
    errorLabelSet: Set(1) { 'ResetPool' },
    beforeHandshake: false,
    [cause]: Error: getaddrinfo ENOTFOUND ac-ypx2wjq-shard-00-00.fflsjqd.mongodb.net
        at GetAddrInfoReqWrap.onlookupall [as oncomplete] (node:dns:122:26) {
      errno: -3008,
      code: 'ENOTFOUND',
      syscall: 'getaddrinfo',
      hostname: 'ac-ypx2wjq-shard-00-00.fflsjqd.mongodb.net'
    }
  }
}
MongoServerSelectionError: getaddrinfo ENOTFOUND ac-ypx2wjq-shard-00-00.fflsjqd.mongodb.net
    at Topology.selectServer (D:\Projects\Satkhirar Amm\Satkhirar Amm - backend\node_modules\mongodb\lib\sdam\topology.js:327:38)
    at async tryOperation (D:\Projects\Satkhirar Amm\Satkhirar Amm - backend\node_modules\mongodb\lib\operations\execute_operation.js:148:18)
    at async executeOperation (D:\Projects\Satkhirar Amm\Satkhirar Amm - backend\node_modules\mongodb\lib\operations\execute_operation.js:78:16)
    at async FindCursor._initialize (D:\Projects\Satkhirar Amm\Satkhirar Amm - backend\node_modules\mongodb\lib\cursor\find_cursor.js:62:26)
    at async FindCursor.cursorInit (D:\Projects\Satkhirar Amm\Satkhirar Amm - backend\node_modules\mongodb\lib\cursor\abstract_cursor.js:632:27)
    at async FindCursor.fetchBatch (D:\Projects\Satkhirar Amm\Satkhirar Amm - backend\node_modules\mongodb\lib\cursor\abstract_cursor.js:666:13)
    at async FindCursor.next (D:\Projects\Satkhirar Amm\Satkhirar Amm - backend\node_modules\mongodb\lib\cursor\abstract_cursor.js:342:17)
    at async [Symbol.asyncIterator] (D:\Projects\Satkhirar Amm\Satkhirar Amm - backend\node_modules\mongodb\lib\cursor\abstract_cursor.js:250:34)
    at async FindCursor.toArray (D:\Projects\Satkhirar Amm\Satkhirar Amm - backend\node_modules\mongodb\lib\cursor\abstract_cursor.js:422:26)
    at async model.Query._find (D:\Projects\Satkhirar Amm\Satkhirar Amm - backend\node_modules\mongoose\lib\query.js:2430:14) {
  errorLabelSet: Set(0) {},
  reason: TopologyDescription {
    type: 'ReplicaSetNoPrimary',
    servers: Map(3) {
      'ac-ypx2wjq-shard-00-00.fflsjqd.mongodb.net:27017' => [ServerDescription],
      'ac-ypx2wjq-shard-00-01.fflsjqd.mongodb.net:27017' => [ServerDescription],
      'ac-ypx2wjq-shard-00-02.fflsjqd.mongodb.net:27017' => [ServerDescription]
    },
    stale: false,
    compatible: true,
    heartbeatFrequencyMS: 10000,
    localThresholdMS: 15,
    setName: 'atlas-crbsjf-shard-0',
    maxElectionId: new ObjectId('7fffffff0000000000000146'),
    maxSetVersion: 315,
    commonWireVersion: 0,
    logicalSessionTimeoutMinutes: null
  },
  code: undefined,
  [cause]: MongoNetworkError: getaddrinfo ENOTFOUND ac-ypx2wjq-shard-00-00.fflsjqd.mongodb.net
      at TLSSocket.<anonymous> (D:\Projects\Satkhirar Amm\Satkhirar Amm - backend\node_modules\mongodb\lib\cmap\connect.js:286:44)
      at Object.onceWrapper (node:events:623:26)
      at TLSSocket.emit (node:events:508:28)
      at emitErrorNT (node:internal/streams/destroy:170:8)
      at emitErrorCloseNT (node:internal/streams/destroy:129:3)
      at process.processTicksAndRejections (node:internal/process/task_queues:90:21) {
    errorLabelSet: Set(1) { 'ResetPool' },
    beforeHandshake: false,
    [cause]: Error: getaddrinfo ENOTFOUND ac-ypx2wjq-shard-00-00.fflsjqd.mongodb.net
        at GetAddrInfoReqWrap.onlookupall [as oncomplete] (node:dns:122:26) {
      errno: -3008,
      code: 'ENOTFOUND',
      syscall: 'getaddrinfo',
      hostname: 'ac-ypx2wjq-shard-00-00.fflsjqd.mongodb.net'
    }
  }
}
MongoServerSelectionError: getaddrinfo ENOTFOUND ac-ypx2wjq-shard-00-00.fflsjqd.mongodb.net
    at Topology.selectServer (D:\Projects\Satkhirar Amm\Satkhirar Amm - backend\node_modules\mongodb\lib\sdam\topology.js:327:38)
    at async tryOperation (D:\Projects\Satkhirar Amm\Satkhirar Amm - backend\node_modules\mongodb\lib\operations\execute_operation.js:148:18)
    at async executeOperation (D:\Projects\Satkhirar Amm\Satkhirar Amm - backend\node_modules\mongodb\lib\operations\execute_operation.js:78:16)
    at async FindCursor._initialize (D:\Projects\Satkhirar Amm\Satkhirar Amm - backend\node_modules\mongodb\lib\cursor\find_cursor.js:62:26)
    at async FindCursor.cursorInit (D:\Projects\Satkhirar Amm\Satkhirar Amm - backend\node_modules\mongodb\lib\cursor\abstract_cursor.js:632:27)
    at async FindCursor.fetchBatch (D:\Projects\Satkhirar Amm\Satkhirar Amm - backend\node_modules\mongodb\lib\cursor\abstract_cursor.js:666:13)
    at async FindCursor.next (D:\Projects\Satkhirar Amm\Satkhirar Amm - backend\node_modules\mongodb\lib\cursor\abstract_cursor.js:342:17)
    at async [Symbol.asyncIterator] (D:\Projects\Satkhirar Amm\Satkhirar Amm - backend\node_modules\mongodb\lib\cursor\abstract_cursor.js:250:34)
    at async FindCursor.toArray (D:\Projects\Satkhirar Amm\Satkhirar Amm - backend\node_modules\mongodb\lib\cursor\abstract_cursor.js:422:26)
    at async model.Query._find (D:\Projects\Satkhirar Amm\Satkhirar Amm - backend\node_modules\mongoose\lib\query.js:2430:14) {
  errorLabelSet: Set(0) {},
  reason: TopologyDescription {
    type: 'ReplicaSetNoPrimary',
    servers: Map(3) {
      'ac-ypx2wjq-shard-00-00.fflsjqd.mongodb.net:27017' => [ServerDescription],
      'ac-ypx2wjq-shard-00-01.fflsjqd.mongodb.net:27017' => [ServerDescription],
      'ac-ypx2wjq-shard-00-02.fflsjqd.mongodb.net:27017' => [ServerDescription]
    },
    stale: false,
    compatible: true,
    heartbeatFrequencyMS: 10000,
    localThresholdMS: 15,
    setName: 'atlas-crbsjf-shard-0',
    maxElectionId: new ObjectId('7fffffff0000000000000146'),
    maxSetVersion: 315,
    commonWireVersion: 0,
    logicalSessionTimeoutMinutes: null
  },
  code: undefined,
  [cause]: MongoNetworkError: getaddrinfo ENOTFOUND ac-ypx2wjq-shard-00-00.fflsjqd.mongodb.net
      at TLSSocket.<anonymous> (D:\Projects\Satkhirar Amm\Satkhirar Amm - backend\node_modules\mongodb\lib\cmap\connect.js:286:44)
      at Object.onceWrapper (node:events:623:26)
      at TLSSocket.emit (node:events:508:28)
      at emitErrorNT (node:internal/streams/destroy:170:8)
      at emitErrorCloseNT (node:internal/streams/destroy:129:3)
      at process.processTicksAndRejections (node:internal/process/task_queues:90:21) {
    errorLabelSet: Set(1) { 'ResetPool' },
    beforeHandshake: false,
    [cause]: Error: getaddrinfo ENOTFOUND ac-ypx2wjq-shard-00-00.fflsjqd.mongodb.net
        at GetAddrInfoReqWrap.onlookupall [as oncomplete] (node:dns:122:26) {
      errno: -3008,
      code: 'ENOTFOUND',
      syscall: 'getaddrinfo',
      hostname: 'ac-ypx2wjq-shard-00-00.fflsjqd.mongodb.net'
    }
  }
}
MongoServerSelectionError: getaddrinfo ENOTFOUND ac-ypx2wjq-shard-00-00.fflsjqd.mongodb.net
    at Topology.selectServer (D:\Projects\Satkhirar Amm\Satkhirar Amm - backend\node_modules\mongodb\lib\sdam\topology.js:327:38)
    at async tryOperation (D:\Projects\Satkhirar Amm\Satkhirar Amm - backend\node_modules\mongodb\lib\operations\execute_operation.js:148:18)
    at async executeOperation (D:\Projects\Satkhirar Amm\Satkhirar Amm - backend\node_modules\mongodb\lib\operations\execute_operation.js:78:16)
    at async FindCursor._initialize (D:\Projects\Satkhirar Amm\Satkhirar Amm - backend\node_modules\mongodb\lib\cursor\find_cursor.js:62:26)
    at async FindCursor.cursorInit (D:\Projects\Satkhirar Amm\Satkhirar Amm - backend\node_modules\mongodb\lib\cursor\abstract_cursor.js:632:27)
    at async FindCursor.fetchBatch (D:\Projects\Satkhirar Amm\Satkhirar Amm - backend\node_modules\mongodb\lib\cursor\abstract_cursor.js:666:13)
    at async FindCursor.next (D:\Projects\Satkhirar Amm\Satkhirar Amm - backend\node_modules\mongodb\lib\cursor\abstract_cursor.js:342:17)
    at async [Symbol.asyncIterator] (D:\Projects\Satkhirar Amm\Satkhirar Amm - backend\node_modules\mongodb\lib\cursor\abstract_cursor.js:250:34)
    at async FindCursor.toArray (D:\Projects\Satkhirar Amm\Satkhirar Amm - backend\node_modules\mongodb\lib\cursor\abstract_cursor.js:422:26)
    at async model.Query._find (D:\Projects\Satkhirar Amm\Satkhirar Amm - backend\node_modules\mongoose\lib\query.js:2430:14) {
  errorLabelSet: Set(0) {},
  reason: TopologyDescription {
    type: 'ReplicaSetNoPrimary',
    servers: Map(3) {
      'ac-ypx2wjq-shard-00-00.fflsjqd.mongodb.net:27017' => [ServerDescription],
      'ac-ypx2wjq-shard-00-01.fflsjqd.mongodb.net:27017' => [ServerDescription],
      'ac-ypx2wjq-shard-00-02.fflsjqd.mongodb.net:27017' => [ServerDescription]
    },
    stale: false,
    compatible: true,
    heartbeatFrequencyMS: 10000,
    localThresholdMS: 15,
    setName: 'atlas-crbsjf-shard-0',
    maxElectionId: new ObjectId('7fffffff0000000000000146'),
    maxSetVersion: 315,
    commonWireVersion: 0,
    logicalSessionTimeoutMinutes: null
  },
  code: undefined,
  [cause]: MongoNetworkError: getaddrinfo ENOTFOUND ac-ypx2wjq-shard-00-00.fflsjqd.mongodb.net
      at TLSSocket.<anonymous> (D:\Projects\Satkhirar Amm\Satkhirar Amm - backend\node_modules\mongodb\lib\cmap\connect.js:286:44)
      at Object.onceWrapper (node:events:623:26)
      at TLSSocket.emit (node:events:508:28)
      at emitErrorNT (node:internal/streams/destroy:170:8)
      at emitErrorCloseNT (node:internal/streams/destroy:129:3)
      at process.processTicksAndRejections (node:internal/process/task_queues:90:21) {
    errorLabelSet: Set(1) { 'ResetPool' },
    beforeHandshake: false,
    [cause]: Error: getaddrinfo ENOTFOUND ac-ypx2wjq-shard-00-00.fflsjqd.mongodb.net
        at GetAddrInfoReqWrap.onlookupall [as oncomplete] (node:dns:122:26) {
      errno: -3008,
      code: 'ENOTFOUND',
      syscall: 'getaddrinfo',
      hostname: 'ac-ypx2wjq-shard-00-00.fflsjqd.mongodb.net'
    }
  }
}
MongoServerSelectionError: getaddrinfo ENOTFOUND ac-ypx2wjq-shard-00-00.fflsjqd.mongodb.net
    at Topology.selectServer (D:\Projects\Satkhirar Amm\Satkhirar Amm - backend\node_modules\mongodb\lib\sdam\topology.js:327:38)
    at async tryOperation (D:\Projects\Satkhirar Amm\Satkhirar Amm - backend\node_modules\mongodb\lib\operations\execute_operation.js:196:22)
    at async executeOperation (D:\Projects\Satkhirar Amm\Satkhirar Amm - backend\node_modules\mongodb\lib\operations\execute_operation.js:78:16)
    at async FindCursor._initialize (D:\Projects\Satkhirar Amm\Satkhirar Amm - backend\node_modules\mongodb\lib\cursor\find_cursor.js:62:26)
    at async FindCursor.cursorInit (D:\Projects\Satkhirar Amm\Satkhirar Amm - backend\node_modules\mongodb\lib\cursor\abstract_cursor.js:632:27)
    at async FindCursor.fetchBatch (D:\Projects\Satkhirar Amm\Satkhirar Amm - backend\node_modules\mongodb\lib\cursor\abstract_cursor.js:666:13)
    at async FindCursor.next (D:\Projects\Satkhirar Amm\Satkhirar Amm - backend\node_modules\mongodb\lib\cursor\abstract_cursor.js:342:17)
    at async [Symbol.asyncIterator] (D:\Projects\Satkhirar Amm\Satkhirar Amm - backend\node_modules\mongodb\lib\cursor\abstract_cursor.js:250:34)
    at async FindCursor.toArray (D:\Projects\Satkhirar Amm\Satkhirar Amm - backend\node_modules\mongodb\lib\cursor\abstract_cursor.js:422:26)
    at async model.Query._find (D:\Projects\Satkhirar Amm\Satkhirar Amm - backend\node_modules\mongoose\lib\query.js:2430:14) {
  errorLabelSet: Set(0) {},
  reason: TopologyDescription {
    type: 'ReplicaSetNoPrimary',
    servers: Map(3) {
      'ac-ypx2wjq-shard-00-00.fflsjqd.mongodb.net:27017' => [ServerDescription],
      'ac-ypx2wjq-shard-00-01.fflsjqd.mongodb.net:27017' => [ServerDescription],
      'ac-ypx2wjq-shard-00-02.fflsjqd.mongodb.net:27017' => [ServerDescription]
    },
    stale: false,
    compatible: true,
    heartbeatFrequencyMS: 10000,
    localThresholdMS: 15,
    setName: 'atlas-crbsjf-shard-0',
    maxElectionId: new ObjectId('7fffffff0000000000000146'),
    maxSetVersion: 315,
    commonWireVersion: 0,
    logicalSessionTimeoutMinutes: null
  },
  code: undefined,
  [cause]: MongoNetworkError: getaddrinfo ENOTFOUND ac-ypx2wjq-shard-00-00.fflsjqd.mongodb.net
      at TLSSocket.<anonymous> (D:\Projects\Satkhirar Amm\Satkhirar Amm - backend\node_modules\mongodb\lib\cmap\connect.js:286:44)
      at Object.onceWrapper (node:events:623:26)
      at TLSSocket.emit (node:events:508:28)
      at emitErrorNT (node:internal/streams/destroy:170:8)
      at emitErrorCloseNT (node:internal/streams/destroy:129:3)
      at process.processTicksAndRejections (node:internal/process/task_queues:90:21) {
    errorLabelSet: Set(1) { 'ResetPool' },
    beforeHandshake: false,
    [cause]: Error: getaddrinfo ENOTFOUND ac-ypx2wjq-shard-00-00.fflsjqd.mongodb.net
        at GetAddrInfoReqWrap.onlookupall [as oncomplete] (node:dns:122:26) {
      errno: -3008,
      code: 'ENOTFOUND',
      syscall: 'getaddrinfo',
      hostname: 'ac-ypx2wjq-shard-00-00.fflsjqd.mongodb.net'
    }
  }
}
MongoServerSelectionError: getaddrinfo ENOTFOUND ac-ypx2wjq-shard-00-00.fflsjqd.mongodb.net
    at Topology.selectServer (D:\Projects\Satkhirar Amm\Satkhirar Amm - backend\node_modules\mongodb\lib\sdam\topology.js:327:38)
    at async tryOperation (D:\Projects\Satkhirar Amm\Satkhirar Amm - backend\node_modules\mongodb\lib\operations\execute_operation.js:148:18)
    at async executeOperation (D:\Projects\Satkhirar Amm\Satkhirar Amm - backend\node_modules\mongodb\lib\operations\execute_operation.js:78:16)
    at async FindCursor._initialize (D:\Projects\Satkhirar Amm\Satkhirar Amm - backend\node_modules\mongodb\lib\cursor\find_cursor.js:62:26)
    at async FindCursor.cursorInit (D:\Projects\Satkhirar Amm\Satkhirar Amm - backend\node_modules\mongodb\lib\cursor\abstract_cursor.js:632:27)
    at async FindCursor.fetchBatch (D:\Projects\Satkhirar Amm\Satkhirar Amm - backend\node_modules\mongodb\lib\cursor\abstract_cursor.js:666:13)
    at async FindCursor.next (D:\Projects\Satkhirar Amm\Satkhirar Amm - backend\node_modules\mongodb\lib\cursor\abstract_cursor.js:342:17)
    at async [Symbol.asyncIterator] (D:\Projects\Satkhirar Amm\Satkhirar Amm - backend\node_modules\mongodb\lib\cursor\abstract_cursor.js:250:34)
    at async FindCursor.toArray (D:\Projects\Satkhirar Amm\Satkhirar Amm - backend\node_modules\mongodb\lib\cursor\abstract_cursor.js:422:26)
    at async model.Query._find (D:\Projects\Satkhirar Amm\Satkhirar Amm - backend\node_modules\mongoose\lib\query.js:2430:14) {
  errorLabelSet: Set(0) {},
  reason: TopologyDescription {
    type: 'ReplicaSetNoPrimary',
    servers: Map(3) {
      'ac-ypx2wjq-shard-00-00.fflsjqd.mongodb.net:27017' => [ServerDescription],
      'ac-ypx2wjq-shard-00-01.fflsjqd.mongodb.net:27017' => [ServerDescription],
      'ac-ypx2wjq-shard-00-02.fflsjqd.mongodb.net:27017' => [ServerDescription]
    },
    stale: false,
    compatible: true,
    heartbeatFrequencyMS: 10000,
    localThresholdMS: 15,
    setName: 'atlas-crbsjf-shard-0',
    maxElectionId: new ObjectId('7fffffff0000000000000146'),
    maxSetVersion: 315,
    commonWireVersion: 0,
    logicalSessionTimeoutMinutes: null
  },
  code: undefined,
  [cause]: MongoNetworkError: getaddrinfo ENOTFOUND ac-ypx2wjq-shard-00-00.fflsjqd.mongodb.net
      at TLSSocket.<anonymous> (D:\Projects\Satkhirar Amm\Satkhirar Amm - backend\node_modules\mongodb\lib\cmap\connect.js:286:44)
      at Object.onceWrapper (node:events:623:26)
      at TLSSocket.emit (node:events:508:28)
      at emitErrorNT (node:internal/streams/destroy:170:8)
      at emitErrorCloseNT (node:internal/streams/destroy:129:3)
      at process.processTicksAndRejections (node:internal/process/task_queues:90:21) {
    errorLabelSet: Set(1) { 'ResetPool' },
    beforeHandshake: false,
    [cause]: Error: getaddrinfo ENOTFOUND ac-ypx2wjq-shard-00-00.fflsjqd.mongodb.net
        at GetAddrInfoReqWrap.onlookupall [as oncomplete] (node:dns:122:26) {
      errno: -3008,
      code: 'ENOTFOUND',
      syscall: 'getaddrinfo',
      hostname: 'ac-ypx2wjq-shard-00-00.fflsjqd.mongodb.net'
    }
  }
}
MongoServerSelectionError: getaddrinfo ENOTFOUND ac-ypx2wjq-shard-00-00.fflsjqd.mongodb.net
    at Topology.selectServer (D:\Projects\Satkhirar Amm\Satkhirar Amm - backend\node_modules\mongodb\lib\sdam\topology.js:327:38)
    at async tryOperation (D:\Projects\Satkhirar Amm\Satkhirar Amm - backend\node_modules\mongodb\lib\operations\execute_operation.js:148:18)
    at async executeOperation (D:\Projects\Satkhirar Amm\Satkhirar Amm - backend\node_modules\mongodb\lib\operations\execute_operation.js:78:16)
    at async FindCursor._initialize (D:\Projects\Satkhirar Amm\Satkhirar Amm - backend\node_modules\mongodb\lib\cursor\find_cursor.js:62:26)
    at async FindCursor.cursorInit (D:\Projects\Satkhirar Amm\Satkhirar Amm - backend\node_modules\mongodb\lib\cursor\abstract_cursor.js:632:27)
    at async FindCursor.fetchBatch (D:\Projects\Satkhirar Amm\Satkhirar Amm - backend\node_modules\mongodb\lib\cursor\abstract_cursor.js:666:13)
    at async FindCursor.next (D:\Projects\Satkhirar Amm\Satkhirar Amm - backend\node_modules\mongodb\lib\cursor\abstract_cursor.js:342:17)
    at async [Symbol.asyncIterator] (D:\Projects\Satkhirar Amm\Satkhirar Amm - backend\node_modules\mongodb\lib\cursor\abstract_cursor.js:250:34)
    at async FindCursor.toArray (D:\Projects\Satkhirar Amm\Satkhirar Amm - backend\node_modules\mongodb\lib\cursor\abstract_cursor.js:422:26)
    at async model.Query._find (D:\Projects\Satkhirar Amm\Satkhirar Amm - backend\node_modules\mongoose\lib\query.js:2430:14) {
  errorLabelSet: Set(0) {},
  reason: TopologyDescription {
    type: 'ReplicaSetNoPrimary',
    servers: Map(3) {
      'ac-ypx2wjq-shard-00-00.fflsjqd.mongodb.net:27017' => [ServerDescription],
      'ac-ypx2wjq-shard-00-01.fflsjqd.mongodb.net:27017' => [ServerDescription],
      'ac-ypx2wjq-shard-00-02.fflsjqd.mongodb.net:27017' => [ServerDescription]
    },
    stale: false,
    compatible: true,
    heartbeatFrequencyMS: 10000,
    localThresholdMS: 15,
    setName: 'atlas-crbsjf-shard-0',
    maxElectionId: new ObjectId('7fffffff0000000000000146'),
    maxSetVersion: 315,
    commonWireVersion: 0,
    logicalSessionTimeoutMinutes: null
  },
  code: undefined,
  [cause]: MongoNetworkError: getaddrinfo ENOTFOUND ac-ypx2wjq-shard-00-00.fflsjqd.mongodb.net
      at TLSSocket.<anonymous> (D:\Projects\Satkhirar Amm\Satkhirar Amm - backend\node_modules\mongodb\lib\cmap\connect.js:286:44)
      at Object.onceWrapper (node:events:623:26)
      at TLSSocket.emit (node:events:508:28)
      at emitErrorNT (node:internal/streams/destroy:170:8)
      at emitErrorCloseNT (node:internal/streams/destroy:129:3)
      at process.processTicksAndRejections (node:internal/process/task_queues:90:21) {
    errorLabelSet: Set(1) { 'ResetPool' },
    beforeHandshake: false,
    [cause]: Error: getaddrinfo ENOTFOUND ac-ypx2wjq-shard-00-00.fflsjqd.mongodb.net
        at GetAddrInfoReqWrap.onlookupall [as oncomplete] (node:dns:122:26) {
      errno: -3008,
      code: 'ENOTFOUND',
      syscall: 'getaddrinfo',
      hostname: 'ac-ypx2wjq-shard-00-00.fflsjqd.mongodb.net'
    }
  }
}
MongoServerSelectionError: getaddrinfo ENOTFOUND ac-ypx2wjq-shard-00-00.fflsjqd.mongodb.net
    at Topology.selectServer (D:\Projects\Satkhirar Amm\Satkhirar Amm - backend\node_modules\mongodb\lib\sdam\topology.js:327:38)
    at async tryOperation (D:\Projects\Satkhirar Amm\Satkhirar Amm - backend\node_modules\mongodb\lib\operations\execute_operation.js:148:18)
    at async executeOperation (D:\Projects\Satkhirar Amm\Satkhirar Amm - backend\node_modules\mongodb\lib\operations\execute_operation.js:78:16)
    at async FindCursor._initialize (D:\Projects\Satkhirar Amm\Satkhirar Amm - backend\node_modules\mongodb\lib\cursor\find_cursor.js:62:26)
    at async FindCursor.cursorInit (D:\Projects\Satkhirar Amm\Satkhirar Amm - backend\node_modules\mongodb\lib\cursor\abstract_cursor.js:632:27)
    at async FindCursor.fetchBatch (D:\Projects\Satkhirar Amm\Satkhirar Amm - backend\node_modules\mongodb\lib\cursor\abstract_cursor.js:666:13)
    at async FindCursor.next (D:\Projects\Satkhirar Amm\Satkhirar Amm - backend\node_modules\mongodb\lib\cursor\abstract_cursor.js:342:17)
    at async [Symbol.asyncIterator] (D:\Projects\Satkhirar Amm\Satkhirar Amm - backend\node_modules\mongodb\lib\cursor\abstract_cursor.js:250:34)
    at async FindCursor.toArray (D:\Projects\Satkhirar Amm\Satkhirar Amm - backend\node_modules\mongodb\lib\cursor\abstract_cursor.js:422:26)
    at async model.Query._find (D:\Projects\Satkhirar Amm\Satkhirar Amm - backend\node_modules\mongoose\lib\query.js:2430:14) {
  errorLabelSet: Set(0) {},
  reason: TopologyDescription {
    type: 'ReplicaSetNoPrimary',
    servers: Map(3) {
      'ac-ypx2wjq-shard-00-00.fflsjqd.mongodb.net:27017' => [ServerDescription],
      'ac-ypx2wjq-shard-00-01.fflsjqd.mongodb.net:27017' => [ServerDescription],
      'ac-ypx2wjq-shard-00-02.fflsjqd.mongodb.net:27017' => [ServerDescription]
    },
    stale: false,
    compatible: true,
    heartbeatFrequencyMS: 10000,
    localThresholdMS: 15,
    setName: 'atlas-crbsjf-shard-0',
    maxElectionId: new ObjectId('7fffffff0000000000000146'),
    maxSetVersion: 315,
    commonWireVersion: 0,
    logicalSessionTimeoutMinutes: null
  },
  code: undefined,
  [cause]: MongoNetworkError: getaddrinfo ENOTFOUND ac-ypx2wjq-shard-00-00.fflsjqd.mongodb.net
      at TLSSocket.<anonymous> (D:\Projects\Satkhirar Amm\Satkhirar Amm - backend\node_modules\mongodb\lib\cmap\connect.js:286:44)
      at Object.onceWrapper (node:events:623:26)
      at TLSSocket.emit (node:events:508:28)
      at emitErrorNT (node:internal/streams/destroy:170:8)
      at emitErrorCloseNT (node:internal/streams/destroy:129:3)
      at process.processTicksAndRejections (node:internal/process/task_queues:90:21) {
    errorLabelSet: Set(1) { 'ResetPool' },
    beforeHandshake: false,
    [cause]: Error: getaddrinfo ENOTFOUND ac-ypx2wjq-shard-00-00.fflsjqd.mongodb.net
        at GetAddrInfoReqWrap.onlookupall [as oncomplete] (node:dns:122:26) {
      errno: -3008,
      code: 'ENOTFOUND',
      syscall: 'getaddrinfo',
      hostname: 'ac-ypx2wjq-shard-00-00.fflsjqd.mongodb.net'
    }
  }
}
MongoServerSelectionError: getaddrinfo ENOTFOUND ac-ypx2wjq-shard-00-00.fflsjqd.mongodb.net
    at Topology.selectServer (D:\Projects\Satkhirar Amm\Satkhirar Amm - backend\node_modules\mongodb\lib\sdam\topology.js:327:38)
    at async tryOperation (D:\Projects\Satkhirar Amm\Satkhirar Amm - backend\node_modules\mongodb\lib\operations\execute_operation.js:148:18)
    at async executeOperation (D:\Projects\Satkhirar Amm\Satkhirar Amm - backend\node_modules\mongodb\lib\operations\execute_operation.js:78:16)
    at async FindCursor._initialize (D:\Projects\Satkhirar Amm\Satkhirar Amm - backend\node_modules\mongodb\lib\cursor\find_cursor.js:62:26)
    at async FindCursor.cursorInit (D:\Projects\Satkhirar Amm\Satkhirar Amm - backend\node_modules\mongodb\lib\cursor\abstract_cursor.js:632:27)
    at async FindCursor.fetchBatch (D:\Projects\Satkhirar Amm\Satkhirar Amm - backend\node_modules\mongodb\lib\cursor\abstract_cursor.js:666:13)
    at async FindCursor.next (D:\Projects\Satkhirar Amm\Satkhirar Amm - backend\node_modules\mongodb\lib\cursor\abstract_cursor.js:342:17)
    at async [Symbol.asyncIterator] (D:\Projects\Satkhirar Amm\Satkhirar Amm - backend\node_modules\mongodb\lib\cursor\abstract_cursor.js:250:34)
    at async FindCursor.toArray (D:\Projects\Satkhirar Amm\Satkhirar Amm - backend\node_modules\mongodb\lib\cursor\abstract_cursor.js:422:26)
    at async model.Query._find (D:\Projects\Satkhirar Amm\Satkhirar Amm - backend\node_modules\mongoose\lib\query.js:2430:14) {
  errorLabelSet: Set(0) {},
  reason: TopologyDescription {
    type: 'ReplicaSetNoPrimary',
    servers: Map(3) {
      'ac-ypx2wjq-shard-00-00.fflsjqd.mongodb.net:27017' => [ServerDescription],
      'ac-ypx2wjq-shard-00-01.fflsjqd.mongodb.net:27017' => [ServerDescription],
      'ac-ypx2wjq-shard-00-02.fflsjqd.mongodb.net:27017' => [ServerDescription]
    },
    stale: false,
    compatible: true,
    heartbeatFrequencyMS: 10000,
    localThresholdMS: 15,
    setName: 'atlas-crbsjf-shard-0',
    maxElectionId: new ObjectId('7fffffff0000000000000146'),
    maxSetVersion: 315,
    commonWireVersion: 0,
    logicalSessionTimeoutMinutes: null
  },
  code: undefined,
  [cause]: MongoNetworkError: getaddrinfo ENOTFOUND ac-ypx2wjq-shard-00-00.fflsjqd.mongodb.net
      at TLSSocket.<anonymous> (D:\Projects\Satkhirar Amm\Satkhirar Amm - backend\node_modules\mongodb\lib\cmap\connect.js:286:44)
      at Object.onceWrapper (node:events:623:26)
      at TLSSocket.emit (node:events:508:28)
      at emitErrorNT (node:internal/streams/destroy:170:8)
      at emitErrorCloseNT (node:internal/streams/destroy:129:3)
      at process.processTicksAndRejections (node:internal/process/task_queues:90:21) {
    errorLabelSet: Set(1) { 'ResetPool' },
    beforeHandshake: false,
    [cause]: Error: getaddrinfo ENOTFOUND ac-ypx2wjq-shard-00-00.fflsjqd.mongodb.net
        at GetAddrInfoReqWrap.onlookupall [as oncomplete] (node:dns:122:26) {
      errno: -3008,
      code: 'ENOTFOUND',
      syscall: 'getaddrinfo',
      hostname: 'ac-ypx2wjq-shard-00-00.fflsjqd.mongodb.net'
    }
  }
}
MongoServerSelectionError: getaddrinfo ENOTFOUND ac-ypx2wjq-shard-00-00.fflsjqd.mongodb.net
    at Topology.selectServer (D:\Projects\Satkhirar Amm\Satkhirar Amm - backend\node_modules\mongodb\lib\sdam\topology.js:327:38)
    at async tryOperation (D:\Projects\Satkhirar Amm\Satkhirar Amm - backend\node_modules\mongodb\lib\operations\execute_operation.js:148:18)
    at async executeOperation (D:\Projects\Satkhirar Amm\Satkhirar Amm - backend\node_modules\mongodb\lib\operations\execute_operation.js:78:16)
    at async FindCursor._initialize (D:\Projects\Satkhirar Amm\Satkhirar Amm - backend\node_modules\mongodb\lib\cursor\find_cursor.js:62:26)
    at async FindCursor.cursorInit (D:\Projects\Satkhirar Amm\Satkhirar Amm - backend\node_modules\mongodb\lib\cursor\abstract_cursor.js:632:27)
    at async FindCursor.fetchBatch (D:\Projects\Satkhirar Amm\Satkhirar Amm - backend\node_modules\mongodb\lib\cursor\abstract_cursor.js:666:13)
    at async FindCursor.next (D:\Projects\Satkhirar Amm\Satkhirar Amm - backend\node_modules\mongodb\lib\cursor\abstract_cursor.js:342:17)
    at async [Symbol.asyncIterator] (D:\Projects\Satkhirar Amm\Satkhirar Amm - backend\node_modules\mongodb\lib\cursor\abstract_cursor.js:250:34)
    at async FindCursor.toArray (D:\Projects\Satkhirar Amm\Satkhirar Amm - backend\node_modules\mongodb\lib\cursor\abstract_cursor.js:422:26)
    at async model.Query._find (D:\Projects\Satkhirar Amm\Satkhirar Amm - backend\node_modules\mongoose\lib\query.js:2430:14) {
  errorLabelSet: Set(0) {},
  reason: TopologyDescription {
    type: 'ReplicaSetNoPrimary',
    servers: Map(3) {
      'ac-ypx2wjq-shard-00-00.fflsjqd.mongodb.net:27017' => [ServerDescription],
      'ac-ypx2wjq-shard-00-01.fflsjqd.mongodb.net:27017' => [ServerDescription],
      'ac-ypx2wjq-shard-00-02.fflsjqd.mongodb.net:27017' => [ServerDescription]
    },
    stale: false,
    compatible: true,
    heartbeatFrequencyMS: 10000,
    localThresholdMS: 15,
    setName: 'atlas-crbsjf-shard-0',
    maxElectionId: new ObjectId('7fffffff0000000000000146'),
    maxSetVersion: 315,
    commonWireVersion: 0,
    logicalSessionTimeoutMinutes: null
  },
  code: undefined,
  [cause]: MongoNetworkError: getaddrinfo ENOTFOUND ac-ypx2wjq-shard-00-00.fflsjqd.mongodb.net
      at TLSSocket.<anonymous> (D:\Projects\Satkhirar Amm\Satkhirar Amm - backend\node_modules\mongodb\lib\cmap\connect.js:286:44)
      at Object.onceWrapper (node:events:623:26)
      at TLSSocket.emit (node:events:508:28)
      at emitErrorNT (node:internal/streams/destroy:170:8)
      at emitErrorCloseNT (node:internal/streams/destroy:129:3)
      at process.processTicksAndRejections (node:internal/process/task_queues:90:21) {
    errorLabelSet: Set(1) { 'ResetPool' },
    beforeHandshake: false,
    [cause]: Error: getaddrinfo ENOTFOUND ac-ypx2wjq-shard-00-00.fflsjqd.mongodb.net
        at GetAddrInfoReqWrap.onlookupall [as oncomplete] (node:dns:122:26) {
      errno: -3008,
      code: 'ENOTFOUND',
      syscall: 'getaddrinfo',
      hostname: 'ac-ypx2wjq-shard-00-00.fflsjqd.mongodb.net'
    }
  }
}
MongoServerSelectionError: getaddrinfo ENOTFOUND ac-ypx2wjq-shard-00-00.fflsjqd.mongodb.net
    at Topology.selectServer (D:\Projects\Satkhirar Amm\Satkhirar Amm - backend\node_modules\mongodb\lib\sdam\topology.js:327:38)
    at async tryOperation (D:\Projects\Satkhirar Amm\Satkhirar Amm - backend\node_modules\mongodb\lib\operations\execute_operation.js:148:18)
    at async executeOperation (D:\Projects\Satkhirar Amm\Satkhirar Amm - backend\node_modules\mongodb\lib\operations\execute_operation.js:78:16)
    at async FindCursor._initialize (D:\Projects\Satkhirar Amm\Satkhirar Amm - backend\node_modules\mongodb\lib\cursor\find_cursor.js:62:26)
    at async FindCursor.cursorInit (D:\Projects\Satkhirar Amm\Satkhirar Amm - backend\node_modules\mongodb\lib\cursor\abstract_cursor.js:632:27)
    at async FindCursor.fetchBatch (D:\Projects\Satkhirar Amm\Satkhirar Amm - backend\node_modules\mongodb\lib\cursor\abstract_cursor.js:666:13)
    at async FindCursor.next (D:\Projects\Satkhirar Amm\Satkhirar Amm - backend\node_modules\mongodb\lib\cursor\abstract_cursor.js:342:17)
    at async [Symbol.asyncIterator] (D:\Projects\Satkhirar Amm\Satkhirar Amm - backend\node_modules\mongodb\lib\cursor\abstract_cursor.js:250:34)
    at async FindCursor.toArray (D:\Projects\Satkhirar Amm\Satkhirar Amm - backend\node_modules\mongodb\lib\cursor\abstract_cursor.js:422:26)
    at async model.Query._find (D:\Projects\Satkhirar Amm\Satkhirar Amm - backend\node_modules\mongoose\lib\query.js:2430:14) {
  errorLabelSet: Set(0) {},
  reason: TopologyDescription {
    type: 'ReplicaSetNoPrimary',
    servers: Map(3) {
      'ac-ypx2wjq-shard-00-00.fflsjqd.mongodb.net:27017' => [ServerDescription],
      'ac-ypx2wjq-shard-00-01.fflsjqd.mongodb.net:27017' => [ServerDescription],
      'ac-ypx2wjq-shard-00-02.fflsjqd.mongodb.net:27017' => [ServerDescription]
    },
    stale: false,
    compatible: true,
    heartbeatFrequencyMS: 10000,
    localThresholdMS: 15,
    setName: 'atlas-crbsjf-shard-0',
    maxElectionId: new ObjectId('7fffffff0000000000000146'),
    maxSetVersion: 315,
    commonWireVersion: 0,
    logicalSessionTimeoutMinutes: null
  },
  code: undefined,
  [cause]: MongoNetworkError: getaddrinfo ENOTFOUND ac-ypx2wjq-shard-00-00.fflsjqd.mongodb.net
      at TLSSocket.<anonymous> (D:\Projects\Satkhirar Amm\Satkhirar Amm - backend\node_modules\mongodb\lib\cmap\connect.js:286:44)
      at Object.onceWrapper (node:events:623:26)
      at TLSSocket.emit (node:events:508:28)
      at emitErrorNT (node:internal/streams/destroy:170:8)
      at emitErrorCloseNT (node:internal/streams/destroy:129:3)
      at process.processTicksAndRejections (node:internal/process/task_queues:90:21) {
    errorLabelSet: Set(1) { 'ResetPool' },
    beforeHandshake: false,
    [cause]: Error: getaddrinfo ENOTFOUND ac-ypx2wjq-shard-00-00.fflsjqd.mongodb.net
        at GetAddrInfoReqWrap.onlookupall [as oncomplete] (node:dns:122:26) {
      errno: -3008,
      code: 'ENOTFOUND',
      syscall: 'getaddrinfo',
      hostname: 'ac-ypx2wjq-shard-00-00.fflsjqd.mongodb.net'
    }
  }
}
MongoServerSelectionError: getaddrinfo ENOTFOUND ac-ypx2wjq-shard-00-00.fflsjqd.mongodb.net
    at Topology.selectServer (D:\Projects\Satkhirar Amm\Satkhirar Amm - backend\node_modules\mongodb\lib\sdam\topology.js:327:38)
    at async tryOperation (D:\Projects\Satkhirar Amm\Satkhirar Amm - backend\node_modules\mongodb\lib\operations\execute_operation.js:148:18)
    at async executeOperation (D:\Projects\Satkhirar Amm\Satkhirar Amm - backend\node_modules\mongodb\lib\operations\execute_operation.js:78:16)
    at async FindCursor._initialize (D:\Projects\Satkhirar Amm\Satkhirar Amm - backend\node_modules\mongodb\lib\cursor\find_cursor.js:62:26)
    at async FindCursor.cursorInit (D:\Projects\Satkhirar Amm\Satkhirar Amm - backend\node_modules\mongodb\lib\cursor\abstract_cursor.js:632:27)
    at async FindCursor.fetchBatch (D:\Projects\Satkhirar Amm\Satkhirar Amm - backend\node_modules\mongodb\lib\cursor\abstract_cursor.js:666:13)
    at async FindCursor.next (D:\Projects\Satkhirar Amm\Satkhirar Amm - backend\node_modules\mongodb\lib\cursor\abstract_cursor.js:342:17)
    at async [Symbol.asyncIterator] (D:\Projects\Satkhirar Amm\Satkhirar Amm - backend\node_modules\mongodb\lib\cursor\abstract_cursor.js:250:34)
    at async FindCursor.toArray (D:\Projects\Satkhirar Amm\Satkhirar Amm - backend\node_modules\mongodb\lib\cursor\abstract_cursor.js:422:26)
    at async model.Query._find (D:\Projects\Satkhirar Amm\Satkhirar Amm - backend\node_modules\mongoose\lib\query.js:2430:14) {
  errorLabelSet: Set(0) {},
  reason: TopologyDescription {
    type: 'ReplicaSetNoPrimary',
    servers: Map(3) {
      'ac-ypx2wjq-shard-00-00.fflsjqd.mongodb.net:27017' => [ServerDescription],
      'ac-ypx2wjq-shard-00-01.fflsjqd.mongodb.net:27017' => [ServerDescription],
      'ac-ypx2wjq-shard-00-02.fflsjqd.mongodb.net:27017' => [ServerDescription]
    },
    stale: false,
    compatible: true,
    heartbeatFrequencyMS: 10000,
    localThresholdMS: 15,
    setName: 'atlas-crbsjf-shard-0',
    maxElectionId: new ObjectId('7fffffff0000000000000146'),
    maxSetVersion: 315,
    commonWireVersion: 0,
    logicalSessionTimeoutMinutes: null
  },
  code: undefined,
  [cause]: MongoNetworkError: getaddrinfo ENOTFOUND ac-ypx2wjq-shard-00-00.fflsjqd.mongodb.net
      at TLSSocket.<anonymous> (D:\Projects\Satkhirar Amm\Satkhirar Amm - backend\node_modules\mongodb\lib\cmap\connect.js:286:44)
      at Object.onceWrapper (node:events:623:26)
      at TLSSocket.emit (node:events:508:28)
      at emitErrorNT (node:internal/streams/destroy:170:8)
      at emitErrorCloseNT (node:internal/streams/destroy:129:3)
      at process.processTicksAndRejections (node:internal/process/task_queues:90:21) {
    errorLabelSet: Set(1) { 'ResetPool' },
    beforeHandshake: false,
    [cause]: Error: getaddrinfo ENOTFOUND ac-ypx2wjq-shard-00-00.fflsjqd.mongodb.net
        at GetAddrInfoReqWrap.onlookupall [as oncomplete] (node:dns:122:26) {
      errno: -3008,
      code: 'ENOTFOUND',
      syscall: 'getaddrinfo',
      hostname: 'ac-ypx2wjq-shard-00-00.fflsjqd.mongodb.net'
    }
  }
}
MongoServerSelectionError: getaddrinfo ENOTFOUND ac-ypx2wjq-shard-00-00.fflsjqd.mongodb.net
    at Topology.selectServer (D:\Projects\Satkhirar Amm\Satkhirar Amm - backend\node_modules\mongodb\lib\sdam\topology.js:327:38)
    at async tryOperation (D:\Projects\Satkhirar Amm\Satkhirar Amm - backend\node_modules\mongodb\lib\operations\execute_operation.js:148:18)
    at async executeOperation (D:\Projects\Satkhirar Amm\Satkhirar Amm - backend\node_modules\mongodb\lib\operations\execute_operation.js:78:16)
    at async FindCursor._initialize (D:\Projects\Satkhirar Amm\Satkhirar Amm - backend\node_modules\mongodb\lib\cursor\find_cursor.js:62:26)
    at async FindCursor.cursorInit (D:\Projects\Satkhirar Amm\Satkhirar Amm - backend\node_modules\mongodb\lib\cursor\abstract_cursor.js:632:27)
    at async FindCursor.fetchBatch (D:\Projects\Satkhirar Amm\Satkhirar Amm - backend\node_modules\mongodb\lib\cursor\abstract_cursor.js:666:13)
    at async FindCursor.next (D:\Projects\Satkhirar Amm\Satkhirar Amm - backend\node_modules\mongodb\lib\cursor\abstract_cursor.js:342:17)
    at async [Symbol.asyncIterator] (D:\Projects\Satkhirar Amm\Satkhirar Amm - backend\node_modules\mongodb\lib\cursor\abstract_cursor.js:250:34)
    at async FindCursor.toArray (D:\Projects\Satkhirar Amm\Satkhirar Amm - backend\node_modules\mongodb\lib\cursor\abstract_cursor.js:422:26)
    at async model.Query._find (D:\Projects\Satkhirar Amm\Satkhirar Amm - backend\node_modules\mongoose\lib\query.js:2430:14) {
  errorLabelSet: Set(0) {},
  reason: TopologyDescription {
    type: 'ReplicaSetNoPrimary',
    servers: Map(3) {
      'ac-ypx2wjq-shard-00-00.fflsjqd.mongodb.net:27017' => [ServerDescription],
      'ac-ypx2wjq-shard-00-01.fflsjqd.mongodb.net:27017' => [ServerDescription],
      'ac-ypx2wjq-shard-00-02.fflsjqd.mongodb.net:27017' => [ServerDescription]
    },
    stale: false,
    compatible: true,
    heartbeatFrequencyMS: 10000,
    localThresholdMS: 15,
    setName: 'atlas-crbsjf-shard-0',
    maxElectionId: new ObjectId('7fffffff0000000000000146'),
    maxSetVersion: 315,
    commonWireVersion: 0,
    logicalSessionTimeoutMinutes: null
  },
  code: undefined,
  [cause]: MongoNetworkError: getaddrinfo ENOTFOUND ac-ypx2wjq-shard-00-00.fflsjqd.mongodb.net
      at TLSSocket.<anonymous> (D:\Projects\Satkhirar Amm\Satkhirar Amm - backend\node_modules\mongodb\lib\cmap\connect.js:286:44)
      at Object.onceWrapper (node:events:623:26)
      at TLSSocket.emit (node:events:508:28)
      at emitErrorNT (node:internal/streams/destroy:170:8)
      at emitErrorCloseNT (node:internal/streams/destroy:129:3)
      at process.processTicksAndRejections (node:internal/process/task_queues:90:21) {
    errorLabelSet: Set(1) { 'ResetPool' },
    beforeHandshake: false,
    [cause]: Error: getaddrinfo ENOTFOUND ac-ypx2wjq-shard-00-00.fflsjqd.mongodb.net
        at GetAddrInfoReqWrap.onlookupall [as oncomplete] (node:dns:122:26) {
      errno: -3008,
      code: 'ENOTFOUND',
      syscall: 'getaddrinfo',
      hostname: 'ac-ypx2wjq-shard-00-00.fflsjqd.mongodb.net'
    }
  }
}
MongoServerSelectionError: getaddrinfo ENOTFOUND ac-ypx2wjq-shard-00-00.fflsjqd.mongodb.net
    at Topology.selectServer (D:\Projects\Satkhirar Amm\Satkhirar Amm - backend\node_modules\mongodb\lib\sdam\topology.js:327:38)
    at async tryOperation (D:\Projects\Satkhirar Amm\Satkhirar Amm - backend\node_modules\mongodb\lib\operations\execute_operation.js:148:18)
    at async executeOperation (D:\Projects\Satkhirar Amm\Satkhirar Amm - backend\node_modules\mongodb\lib\operations\execute_operation.js:78:16)
    at async FindCursor._initialize (D:\Projects\Satkhirar Amm\Satkhirar Amm - backend\node_modules\mongodb\lib\cursor\find_cursor.js:62:26)
    at async FindCursor.cursorInit (D:\Projects\Satkhirar Amm\Satkhirar Amm - backend\node_modules\mongodb\lib\cursor\abstract_cursor.js:632:27)
    at async FindCursor.fetchBatch (D:\Projects\Satkhirar Amm\Satkhirar Amm - backend\node_modules\mongodb\lib\cursor\abstract_cursor.js:666:13)
    at async FindCursor.next (D:\Projects\Satkhirar Amm\Satkhirar Amm - backend\node_modules\mongodb\lib\cursor\abstract_cursor.js:342:17)
    at async [Symbol.asyncIterator] (D:\Projects\Satkhirar Amm\Satkhirar Amm - backend\node_modules\mongodb\lib\cursor\abstract_cursor.js:250:34)
    at async FindCursor.toArray (D:\Projects\Satkhirar Amm\Satkhirar Amm - backend\node_modules\mongodb\lib\cursor\abstract_cursor.js:422:26)
    at async model.Query._find (D:\Projects\Satkhirar Amm\Satkhirar Amm - backend\node_modules\mongoose\lib\query.js:2430:14) {
  errorLabelSet: Set(0) {},
  reason: TopologyDescription {
    type: 'ReplicaSetNoPrimary',
    servers: Map(3) {
      'ac-ypx2wjq-shard-00-00.fflsjqd.mongodb.net:27017' => [ServerDescription],
      'ac-ypx2wjq-shard-00-01.fflsjqd.mongodb.net:27017' => [ServerDescription],
      'ac-ypx2wjq-shard-00-02.fflsjqd.mongodb.net:27017' => [ServerDescription]
    },
    stale: false,
    compatible: true,
    heartbeatFrequencyMS: 10000,
    localThresholdMS: 15,
    setName: 'atlas-crbsjf-shard-0',
    maxElectionId: new ObjectId('7fffffff0000000000000146'),
    maxSetVersion: 315,
    commonWireVersion: 0,
    logicalSessionTimeoutMinutes: null
  },
  code: undefined,
  [cause]: MongoNetworkError: getaddrinfo ENOTFOUND ac-ypx2wjq-shard-00-00.fflsjqd.mongodb.net
      at TLSSocket.<anonymous> (D:\Projects\Satkhirar Amm\Satkhirar Amm - backend\node_modules\mongodb\lib\cmap\connect.js:286:44)
      at Object.onceWrapper (node:events:623:26)
      at TLSSocket.emit (node:events:508:28)
      at emitErrorNT (node:internal/streams/destroy:170:8)
      at emitErrorCloseNT (node:internal/streams/destroy:129:3)
      at process.processTicksAndRejections (node:internal/process/task_queues:90:21) {
    errorLabelSet: Set(1) { 'ResetPool' },
    beforeHandshake: false,
    [cause]: Error: getaddrinfo ENOTFOUND ac-ypx2wjq-shard-00-00.fflsjqd.mongodb.net
        at GetAddrInfoReqWrap.onlookupall [as oncomplete] (node:dns:122:26) {
      errno: -3008,
      code: 'ENOTFOUND',
      syscall: 'getaddrinfo',
      hostname: 'ac-ypx2wjq-shard-00-00.fflsjqd.mongodb.net'
    }
  }
}
MongoServerSelectionError: getaddrinfo ENOTFOUND ac-ypx2wjq-shard-00-00.fflsjqd.mongodb.net
    at Topology.selectServer (D:\Projects\Satkhirar Amm\Satkhirar Amm - backend\node_modules\mongodb\lib\sdam\topology.js:327:38)
    at async tryOperation (D:\Projects\Satkhirar Amm\Satkhirar Amm - backend\node_modules\mongodb\lib\operations\execute_operation.js:148:18)
    at async executeOperation (D:\Projects\Satkhirar Amm\Satkhirar Amm - backend\node_modules\mongodb\lib\operations\execute_operation.js:78:16)
    at async FindCursor._initialize (D:\Projects\Satkhirar Amm\Satkhirar Amm - backend\node_modules\mongodb\lib\cursor\find_cursor.js:62:26)
    at async FindCursor.cursorInit (D:\Projects\Satkhirar Amm\Satkhirar Amm - backend\node_modules\mongodb\lib\cursor\abstract_cursor.js:632:27)
    at async FindCursor.fetchBatch (D:\Projects\Satkhirar Amm\Satkhirar Amm - backend\node_modules\mongodb\lib\cursor\abstract_cursor.js:666:13)
    at async FindCursor.next (D:\Projects\Satkhirar Amm\Satkhirar Amm - backend\node_modules\mongodb\lib\cursor\abstract_cursor.js:342:17)
    at async [Symbol.asyncIterator] (D:\Projects\Satkhirar Amm\Satkhirar Amm - backend\node_modules\mongodb\lib\cursor\abstract_cursor.js:250:34)
    at async FindCursor.toArray (D:\Projects\Satkhirar Amm\Satkhirar Amm - backend\node_modules\mongodb\lib\cursor\abstract_cursor.js:422:26)
    at async model.Query._find (D:\Projects\Satkhirar Amm\Satkhirar Amm - backend\node_modules\mongoose\lib\query.js:2430:14) {
  errorLabelSet: Set(0) {},
  reason: TopologyDescription {
    type: 'ReplicaSetNoPrimary',
    servers: Map(3) {
      'ac-ypx2wjq-shard-00-00.fflsjqd.mongodb.net:27017' => [ServerDescription],
      'ac-ypx2wjq-shard-00-01.fflsjqd.mongodb.net:27017' => [ServerDescription],
      'ac-ypx2wjq-shard-00-02.fflsjqd.mongodb.net:27017' => [ServerDescription]
    },
    stale: false,
    compatible: true,
    heartbeatFrequencyMS: 10000,
    localThresholdMS: 15,
    setName: 'atlas-crbsjf-shard-0',
    maxElectionId: new ObjectId('7fffffff0000000000000146'),
    maxSetVersion: 315,
    commonWireVersion: 0,
    logicalSessionTimeoutMinutes: null
  },
  code: undefined,
  [cause]: MongoNetworkError: getaddrinfo ENOTFOUND ac-ypx2wjq-shard-00-00.fflsjqd.mongodb.net
      at TLSSocket.<anonymous> (D:\Projects\Satkhirar Amm\Satkhirar Amm - backend\node_modules\mongodb\lib\cmap\connect.js:286:44)
      at Object.onceWrapper (node:events:623:26)
      at TLSSocket.emit (node:events:508:28)
      at emitErrorNT (node:internal/streams/destroy:170:8)
      at emitErrorCloseNT (node:internal/streams/destroy:129:3)
      at process.processTicksAndRejections (node:internal/process/task_queues:90:21) {
    errorLabelSet: Set(1) { 'ResetPool' },
    beforeHandshake: false,
    [cause]: Error: getaddrinfo ENOTFOUND ac-ypx2wjq-shard-00-00.fflsjqd.mongodb.net
        at GetAddrInfoReqWrap.onlookupall [as oncomplete] (node:dns:122:26) {
      errno: -3008,
      code: 'ENOTFOUND',
      syscall: 'getaddrinfo',
      hostname: 'ac-ypx2wjq-shard-00-00.fflsjqd.mongodb.net'
    }
  }
}
MongoServerSelectionError: getaddrinfo ENOTFOUND ac-ypx2wjq-shard-00-00.fflsjqd.mongodb.net
    at Topology.selectServer (D:\Projects\Satkhirar Amm\Satkhirar Amm - backend\node_modules\mongodb\lib\sdam\topology.js:327:38)
    at async tryOperation (D:\Projects\Satkhirar Amm\Satkhirar Amm - backend\node_modules\mongodb\lib\operations\execute_operation.js:148:18)
    at async executeOperation (D:\Projects\Satkhirar Amm\Satkhirar Amm - backend\node_modules\mongodb\lib\operations\execute_operation.js:78:16)
    at async FindCursor._initialize (D:\Projects\Satkhirar Amm\Satkhirar Amm - backend\node_modules\mongodb\lib\cursor\find_cursor.js:62:26)
    at async FindCursor.cursorInit (D:\Projects\Satkhirar Amm\Satkhirar Amm - backend\node_modules\mongodb\lib\cursor\abstract_cursor.js:632:27)
    at async FindCursor.fetchBatch (D:\Projects\Satkhirar Amm\Satkhirar Amm - backend\node_modules\mongodb\lib\cursor\abstract_cursor.js:666:13)
    at async FindCursor.next (D:\Projects\Satkhirar Amm\Satkhirar Amm - backend\node_modules\mongodb\lib\cursor\abstract_cursor.js:342:17)
    at async [Symbol.asyncIterator] (D:\Projects\Satkhirar Amm\Satkhirar Amm - backend\node_modules\mongodb\lib\cursor\abstract_cursor.js:250:34)
    at async FindCursor.toArray (D:\Projects\Satkhirar Amm\Satkhirar Amm - backend\node_modules\mongodb\lib\cursor\abstract_cursor.js:422:26)
    at async model.Query._find (D:\Projects\Satkhirar Amm\Satkhirar Amm - backend\node_modules\mongoose\lib\query.js:2430:14) {
  errorLabelSet: Set(0) {},
  reason: TopologyDescription {
    type: 'ReplicaSetNoPrimary',
    servers: Map(3) {
      'ac-ypx2wjq-shard-00-00.fflsjqd.mongodb.net:27017' => [ServerDescription],
      'ac-ypx2wjq-shard-00-01.fflsjqd.mongodb.net:27017' => [ServerDescription],
      'ac-ypx2wjq-shard-00-02.fflsjqd.mongodb.net:27017' => [ServerDescription]
    },
    stale: false,
    compatible: true,
    heartbeatFrequencyMS: 10000,
    localThresholdMS: 15,
    setName: 'atlas-crbsjf-shard-0',
    maxElectionId: new ObjectId('7fffffff0000000000000146'),
    maxSetVersion: 315,
    commonWireVersion: 0,
    logicalSessionTimeoutMinutes: null
  },
  code: undefined,
  [cause]: MongoNetworkError: getaddrinfo ENOTFOUND ac-ypx2wjq-shard-00-00.fflsjqd.mongodb.net
      at TLSSocket.<anonymous> (D:\Projects\Satkhirar Amm\Satkhirar Amm - backend\node_modules\mongodb\lib\cmap\connect.js:286:44)
      at Object.onceWrapper (node:events:623:26)
      at TLSSocket.emit (node:events:508:28)
      at emitErrorNT (node:internal/streams/destroy:170:8)
      at emitErrorCloseNT (node:internal/streams/destroy:129:3)
      at process.processTicksAndRejections (node:internal/process/task_queues:90:21) {
    errorLabelSet: Set(1) { 'ResetPool' },
    beforeHandshake: false,
    [cause]: Error: getaddrinfo ENOTFOUND ac-ypx2wjq-shard-00-00.fflsjqd.mongodb.net
        at GetAddrInfoReqWrap.onlookupall [as oncomplete] (node:dns:122:26) {
      errno: -3008,
      code: 'ENOTFOUND',
      syscall: 'getaddrinfo',
      hostname: 'ac-ypx2wjq-shard-00-00.fflsjqd.mongodb.net'
    }
  }
}
MongoServerSelectionError: getaddrinfo ENOTFOUND ac-ypx2wjq-shard-00-00.fflsjqd.mongodb.net
    at Topology.selectServer (D:\Projects\Satkhirar Amm\Satkhirar Amm - backend\node_modules\mongodb\lib\sdam\topology.js:327:38)
    at async tryOperation (D:\Projects\Satkhirar Amm\Satkhirar Amm - backend\node_modules\mongodb\lib\operations\execute_operation.js:148:18)
    at async executeOperation (D:\Projects\Satkhirar Amm\Satkhirar Amm - backend\node_modules\mongodb\lib\operations\execute_operation.js:78:16)
    at async FindCursor._initialize (D:\Projects\Satkhirar Amm\Satkhirar Amm - backend\node_modules\mongodb\lib\cursor\find_cursor.js:62:26)
    at async FindCursor.cursorInit (D:\Projects\Satkhirar Amm\Satkhirar Amm - backend\node_modules\mongodb\lib\cursor\abstract_cursor.js:632:27)
    at async FindCursor.fetchBatch (D:\Projects\Satkhirar Amm\Satkhirar Amm - backend\node_modules\mongodb\lib\cursor\abstract_cursor.js:666:13)
    at async FindCursor.next (D:\Projects\Satkhirar Amm\Satkhirar Amm - backend\node_modules\mongodb\lib\cursor\abstract_cursor.js:342:17)
    at async [Symbol.asyncIterator] (D:\Projects\Satkhirar Amm\Satkhirar Amm - backend\node_modules\mongodb\lib\cursor\abstract_cursor.js:250:34)
    at async FindCursor.toArray (D:\Projects\Satkhirar Amm\Satkhirar Amm - backend\node_modules\mongodb\lib\cursor\abstract_cursor.js:422:26)
    at async model.Query._find (D:\Projects\Satkhirar Amm\Satkhirar Amm - backend\node_modules\mongoose\lib\query.js:2430:14) {
  errorLabelSet: Set(0) {},
  reason: TopologyDescription {
    type: 'ReplicaSetNoPrimary',
    servers: Map(3) {
      'ac-ypx2wjq-shard-00-00.fflsjqd.mongodb.net:27017' => [ServerDescription],
      'ac-ypx2wjq-shard-00-01.fflsjqd.mongodb.net:27017' => [ServerDescription],
      'ac-ypx2wjq-shard-00-02.fflsjqd.mongodb.net:27017' => [ServerDescription]
    },
    stale: false,
    compatible: true,
    heartbeatFrequencyMS: 10000,
    localThresholdMS: 15,
    setName: 'atlas-crbsjf-shard-0',
    maxElectionId: new ObjectId('7fffffff0000000000000146'),
    maxSetVersion: 315,
    commonWireVersion: 0,
    logicalSessionTimeoutMinutes: null
  },
  code: undefined,
  [cause]: MongoNetworkError: getaddrinfo ENOTFOUND ac-ypx2wjq-shard-00-00.fflsjqd.mongodb.net
      at TLSSocket.<anonymous> (D:\Projects\Satkhirar Amm\Satkhirar Amm - backend\node_modules\mongodb\lib\cmap\connect.js:286:44)
      at Object.onceWrapper (node:events:623:26)
      at TLSSocket.emit (node:events:508:28)
      at emitErrorNT (node:internal/streams/destroy:170:8)
      at emitErrorCloseNT (node:internal/streams/destroy:129:3)
      at process.processTicksAndRejections (node:internal/process/task_queues:90:21) {
    errorLabelSet: Set(1) { 'ResetPool' },
    beforeHandshake: false,
    [cause]: Error: getaddrinfo ENOTFOUND ac-ypx2wjq-shard-00-00.fflsjqd.mongodb.net
        at GetAddrInfoReqWrap.onlookupall [as oncomplete] (node:dns:122:26) {
      errno: -3008,
      code: 'ENOTFOUND',
      syscall: 'getaddrinfo',
      hostname: 'ac-ypx2wjq-shard-00-00.fflsjqd.mongodb.net'
    }
  }
}
MongoServerSelectionError: getaddrinfo ENOTFOUND ac-ypx2wjq-shard-00-00.fflsjqd.mongodb.net
    at Topology.selectServer (D:\Projects\Satkhirar Amm\Satkhirar Amm - backend\node_modules\mongodb\lib\sdam\topology.js:327:38)
    at async tryOperation (D:\Projects\Satkhirar Amm\Satkhirar Amm - backend\node_modules\mongodb\lib\operations\execute_operation.js:148:18)
    at async executeOperation (D:\Projects\Satkhirar Amm\Satkhirar Amm - backend\node_modules\mongodb\lib\operations\execute_operation.js:78:16)
    at async FindCursor._initialize (D:\Projects\Satkhirar Amm\Satkhirar Amm - backend\node_modules\mongodb\lib\cursor\find_cursor.js:62:26)
    at async FindCursor.cursorInit (D:\Projects\Satkhirar Amm\Satkhirar Amm - backend\node_modules\mongodb\lib\cursor\abstract_cursor.js:632:27)
    at async FindCursor.fetchBatch (D:\Projects\Satkhirar Amm\Satkhirar Amm - backend\node_modules\mongodb\lib\cursor\abstract_cursor.js:666:13)
    at async FindCursor.next (D:\Projects\Satkhirar Amm\Satkhirar Amm - backend\node_modules\mongodb\lib\cursor\abstract_cursor.js:342:17)
    at async [Symbol.asyncIterator] (D:\Projects\Satkhirar Amm\Satkhirar Amm - backend\node_modules\mongodb\lib\cursor\abstract_cursor.js:250:34)
    at async FindCursor.toArray (D:\Projects\Satkhirar Amm\Satkhirar Amm - backend\node_modules\mongodb\lib\cursor\abstract_cursor.js:422:26)
    at async model.Query._find (D:\Projects\Satkhirar Amm\Satkhirar Amm - backend\node_modules\mongoose\lib\query.js:2430:14) {
  errorLabelSet: Set(0) {},
  reason: TopologyDescription {
    type: 'ReplicaSetNoPrimary',
    servers: Map(3) {
      'ac-ypx2wjq-shard-00-00.fflsjqd.mongodb.net:27017' => [ServerDescription],
      'ac-ypx2wjq-shard-00-01.fflsjqd.mongodb.net:27017' => [ServerDescription],
      'ac-ypx2wjq-shard-00-02.fflsjqd.mongodb.net:27017' => [ServerDescription]
    },
    stale: false,
    compatible: true,
    heartbeatFrequencyMS: 10000,
    localThresholdMS: 15,
    setName: 'atlas-crbsjf-shard-0',
    maxElectionId: new ObjectId('7fffffff0000000000000146'),
    maxSetVersion: 315,
    commonWireVersion: 0,
    logicalSessionTimeoutMinutes: null
  },
  code: undefined,
  [cause]: MongoNetworkError: getaddrinfo ENOTFOUND ac-ypx2wjq-shard-00-00.fflsjqd.mongodb.net
      at TLSSocket.<anonymous> (D:\Projects\Satkhirar Amm\Satkhirar Amm - backend\node_modules\mongodb\lib\cmap\connect.js:286:44)
      at Object.onceWrapper (node:events:623:26)
      at TLSSocket.emit (node:events:508:28)
      at emitErrorNT (node:internal/streams/destroy:170:8)
      at emitErrorCloseNT (node:internal/streams/destroy:129:3)
      at process.processTicksAndRejections (node:internal/process/task_queues:90:21) {
    errorLabelSet: Set(1) { 'ResetPool' },
    beforeHandshake: false,
    [cause]: Error: getaddrinfo ENOTFOUND ac-ypx2wjq-shard-00-00.fflsjqd.mongodb.net
        at GetAddrInfoReqWrap.onlookupall [as oncomplete] (node:dns:122:26) {
      errno: -3008,
      code: 'ENOTFOUND',
      syscall: 'getaddrinfo',
      hostname: 'ac-ypx2wjq-shard-00-00.fflsjqd.mongodb.net'
    }
  }
}
MongoServerSelectionError: getaddrinfo ENOTFOUND ac-ypx2wjq-shard-00-00.fflsjqd.mongodb.net
    at Topology.selectServer (D:\Projects\Satkhirar Amm\Satkhirar Amm - backend\node_modules\mongodb\lib\sdam\topology.js:327:38)
    at async tryOperation (D:\Projects\Satkhirar Amm\Satkhirar Amm - backend\node_modules\mongodb\lib\operations\execute_operation.js:148:18)
    at async executeOperation (D:\Projects\Satkhirar Amm\Satkhirar Amm - backend\node_modules\mongodb\lib\operations\execute_operation.js:78:16)
    at async FindCursor._initialize (D:\Projects\Satkhirar Amm\Satkhirar Amm - backend\node_modules\mongodb\lib\cursor\find_cursor.js:62:26)
    at async FindCursor.cursorInit (D:\Projects\Satkhirar Amm\Satkhirar Amm - backend\node_modules\mongodb\lib\cursor\abstract_cursor.js:632:27)
    at async FindCursor.fetchBatch (D:\Projects\Satkhirar Amm\Satkhirar Amm - backend\node_modules\mongodb\lib\cursor\abstract_cursor.js:666:13)
    at async FindCursor.next (D:\Projects\Satkhirar Amm\Satkhirar Amm - backend\node_modules\mongodb\lib\cursor\abstract_cursor.js:342:17)
    at async [Symbol.asyncIterator] (D:\Projects\Satkhirar Amm\Satkhirar Amm - backend\node_modules\mongodb\lib\cursor\abstract_cursor.js:250:34)
    at async FindCursor.toArray (D:\Projects\Satkhirar Amm\Satkhirar Amm - backend\node_modules\mongodb\lib\cursor\abstract_cursor.js:422:26)
    at async model.Query._find (D:\Projects\Satkhirar Amm\Satkhirar Amm - backend\node_modules\mongoose\lib\query.js:2430:14) {
  errorLabelSet: Set(0) {},
  reason: TopologyDescription {
    type: 'ReplicaSetNoPrimary',
    servers: Map(3) {
      'ac-ypx2wjq-shard-00-00.fflsjqd.mongodb.net:27017' => [ServerDescription],
      'ac-ypx2wjq-shard-00-01.fflsjqd.mongodb.net:27017' => [ServerDescription],
      'ac-ypx2wjq-shard-00-02.fflsjqd.mongodb.net:27017' => [ServerDescription]
    },
    stale: false,
    compatible: true,
    heartbeatFrequencyMS: 10000,
    localThresholdMS: 15,
    setName: 'atlas-crbsjf-shard-0',
    maxElectionId: new ObjectId('7fffffff0000000000000146'),
    maxSetVersion: 315,
    commonWireVersion: 0,
    logicalSessionTimeoutMinutes: null
  },
  code: undefined,
  [cause]: MongoNetworkError: getaddrinfo ENOTFOUND ac-ypx2wjq-shard-00-00.fflsjqd.mongodb.net
      at TLSSocket.<anonymous> (D:\Projects\Satkhirar Amm\Satkhirar Amm - backend\node_modules\mongodb\lib\cmap\connect.js:286:44)
      at Object.onceWrapper (node:events:623:26)
      at TLSSocket.emit (node:events:508:28)
      at emitErrorNT (node:internal/streams/destroy:170:8)
      at emitErrorCloseNT (node:internal/streams/destroy:129:3)
      at process.processTicksAndRejections (node:internal/process/task_queues:90:21) {
    errorLabelSet: Set(1) { 'ResetPool' },
    beforeHandshake: false,
    [cause]: Error: getaddrinfo ENOTFOUND ac-ypx2wjq-shard-00-00.fflsjqd.mongodb.net
        at GetAddrInfoReqWrap.onlookupall [as oncomplete] (node:dns:122:26) {
      errno: -3008,
      code: 'ENOTFOUND',
      syscall: 'getaddrinfo',
      hostname: 'ac-ypx2wjq-shard-00-00.fflsjqd.mongodb.net'
    }
  }
}
MongoServerSelectionError: getaddrinfo ENOTFOUND ac-ypx2wjq-shard-00-00.fflsjqd.mongodb.net
    at Topology.selectServer (D:\Projects\Satkhirar Amm\Satkhirar Amm - backend\node_modules\mongodb\lib\sdam\topology.js:327:38)
    at async tryOperation (D:\Projects\Satkhirar Amm\Satkhirar Amm - backend\node_modules\mongodb\lib\operations\execute_operation.js:148:18)
    at async executeOperation (D:\Projects\Satkhirar Amm\Satkhirar Amm - backend\node_modules\mongodb\lib\operations\execute_operation.js:78:16)
    at async FindCursor._initialize (D:\Projects\Satkhirar Amm\Satkhirar Amm - backend\node_modules\mongodb\lib\cursor\find_cursor.js:62:26)
    at async FindCursor.cursorInit (D:\Projects\Satkhirar Amm\Satkhirar Amm - backend\node_modules\mongodb\lib\cursor\abstract_cursor.js:632:27)
    at async FindCursor.fetchBatch (D:\Projects\Satkhirar Amm\Satkhirar Amm - backend\node_modules\mongodb\lib\cursor\abstract_cursor.js:666:13)
    at async FindCursor.next (D:\Projects\Satkhirar Amm\Satkhirar Amm - backend\node_modules\mongodb\lib\cursor\abstract_cursor.js:342:17)
    at async [Symbol.asyncIterator] (D:\Projects\Satkhirar Amm\Satkhirar Amm - backend\node_modules\mongodb\lib\cursor\abstract_cursor.js:250:34)
    at async FindCursor.toArray (D:\Projects\Satkhirar Amm\Satkhirar Amm - backend\node_modules\mongodb\lib\cursor\abstract_cursor.js:422:26)
    at async model.Query._find (D:\Projects\Satkhirar Amm\Satkhirar Amm - backend\node_modules\mongoose\lib\query.js:2430:14) {
  errorLabelSet: Set(0) {},
  reason: TopologyDescription {
    type: 'ReplicaSetNoPrimary',
    servers: Map(3) {
      'ac-ypx2wjq-shard-00-00.fflsjqd.mongodb.net:27017' => [ServerDescription],
      'ac-ypx2wjq-shard-00-01.fflsjqd.mongodb.net:27017' => [ServerDescription],
      'ac-ypx2wjq-shard-00-02.fflsjqd.mongodb.net:27017' => [ServerDescription]
    },
    stale: false,
    compatible: true,
    heartbeatFrequencyMS: 10000,
    localThresholdMS: 15,
    setName: 'atlas-crbsjf-shard-0',
    maxElectionId: new ObjectId('7fffffff0000000000000146'),
    maxSetVersion: 315,
    commonWireVersion: 0,
    logicalSessionTimeoutMinutes: null
  },
  code: undefined,
  [cause]: MongoNetworkError: getaddrinfo ENOTFOUND ac-ypx2wjq-shard-00-00.fflsjqd.mongodb.net
      at TLSSocket.<anonymous> (D:\Projects\Satkhirar Amm\Satkhirar Amm - backend\node_modules\mongodb\lib\cmap\connect.js:286:44)
      at Object.onceWrapper (node:events:623:26)
      at TLSSocket.emit (node:events:508:28)
      at emitErrorNT (node:internal/streams/destroy:170:8)
      at emitErrorCloseNT (node:internal/streams/destroy:129:3)
      at process.processTicksAndRejections (node:internal/process/task_queues:90:21) {
    errorLabelSet: Set(1) { 'ResetPool' },
    beforeHandshake: false,
    [cause]: Error: getaddrinfo ENOTFOUND ac-ypx2wjq-shard-00-00.fflsjqd.mongodb.net
        at GetAddrInfoReqWrap.onlookupall [as oncomplete] (node:dns:122:26) {
      errno: -3008,
      code: 'ENOTFOUND',
      syscall: 'getaddrinfo',
      hostname: 'ac-ypx2wjq-shard-00-00.fflsjqd.mongodb.net'
    }
  }
}
MongoServerSelectionError: getaddrinfo ENOTFOUND ac-ypx2wjq-shard-00-00.fflsjqd.mongodb.net
    at Topology.selectServer (D:\Projects\Satkhirar Amm\Satkhirar Amm - backend\node_modules\mongodb\lib\sdam\topology.js:327:38)
    at async tryOperation (D:\Projects\Satkhirar Amm\Satkhirar Amm - backend\node_modules\mongodb\lib\operations\execute_operation.js:148:18)
    at async executeOperation (D:\Projects\Satkhirar Amm\Satkhirar Amm - backend\node_modules\mongodb\lib\operations\execute_operation.js:78:16)
    at async FindCursor._initialize (D:\Projects\Satkhirar Amm\Satkhirar Amm - backend\node_modules\mongodb\lib\cursor\find_cursor.js:62:26)
    at async FindCursor.cursorInit (D:\Projects\Satkhirar Amm\Satkhirar Amm - backend\node_modules\mongodb\lib\cursor\abstract_cursor.js:632:27)
    at async FindCursor.fetchBatch (D:\Projects\Satkhirar Amm\Satkhirar Amm - backend\node_modules\mongodb\lib\cursor\abstract_cursor.js:666:13)
    at async FindCursor.next (D:\Projects\Satkhirar Amm\Satkhirar Amm - backend\node_modules\mongodb\lib\cursor\abstract_cursor.js:342:17)
    at async [Symbol.asyncIterator] (D:\Projects\Satkhirar Amm\Satkhirar Amm - backend\node_modules\mongodb\lib\cursor\abstract_cursor.js:250:34)
    at async FindCursor.toArray (D:\Projects\Satkhirar Amm\Satkhirar Amm - backend\node_modules\mongodb\lib\cursor\abstract_cursor.js:422:26)
    at async model.Query._find (D:\Projects\Satkhirar Amm\Satkhirar Amm - backend\node_modules\mongoose\lib\query.js:2430:14) {
  errorLabelSet: Set(0) {},
  reason: TopologyDescription {
    type: 'ReplicaSetNoPrimary',
    servers: Map(3) {
      'ac-ypx2wjq-shard-00-00.fflsjqd.mongodb.net:27017' => [ServerDescription],
      'ac-ypx2wjq-shard-00-01.fflsjqd.mongodb.net:27017' => [ServerDescription],
      'ac-ypx2wjq-shard-00-02.fflsjqd.mongodb.net:27017' => [ServerDescription]
    },
    stale: false,
    compatible: true,
    heartbeatFrequencyMS: 10000,
    localThresholdMS: 15,
    setName: 'atlas-crbsjf-shard-0',
    maxElectionId: new ObjectId('7fffffff0000000000000146'),
    maxSetVersion: 315,
    commonWireVersion: 0,
    logicalSessionTimeoutMinutes: null
  },
  code: undefined,
  [cause]: MongoNetworkError: getaddrinfo ENOTFOUND ac-ypx2wjq-shard-00-00.fflsjqd.mongodb.net
      at TLSSocket.<anonymous> (D:\Projects\Satkhirar Amm\Satkhirar Amm - backend\node_modules\mongodb\lib\cmap\connect.js:286:44)
      at Object.onceWrapper (node:events:623:26)
      at TLSSocket.emit (node:events:508:28)
      at emitErrorNT (node:internal/streams/destroy:170:8)
      at emitErrorCloseNT (node:internal/streams/destroy:129:3)
      at process.processTicksAndRejections (node:internal/process/task_queues:90:21) {
    errorLabelSet: Set(1) { 'ResetPool' },
    beforeHandshake: false,
    [cause]: Error: getaddrinfo ENOTFOUND ac-ypx2wjq-shard-00-00.fflsjqd.mongodb.net
        at GetAddrInfoReqWrap.onlookupall [as oncomplete] (node:dns:122:26) {
      errno: -3008,
      code: 'ENOTFOUND',
      syscall: 'getaddrinfo',
      hostname: 'ac-ypx2wjq-shard-00-00.fflsjqd.mongodb.net'
    }
  }
}
MongoServerSelectionError: getaddrinfo ENOTFOUND ac-ypx2wjq-shard-00-00.fflsjqd.mongodb.net
    at Topology.selectServer (D:\Projects\Satkhirar Amm\Satkhirar Amm - backend\node_modules\mongodb\lib\sdam\topology.js:327:38)
    at async tryOperation (D:\Projects\Satkhirar Amm\Satkhirar Amm - backend\node_modules\mongodb\lib\operations\execute_operation.js:148:18)
    at async executeOperation (D:\Projects\Satkhirar Amm\Satkhirar Amm - backend\node_modules\mongodb\lib\operations\execute_operation.js:78:16)
    at async FindCursor._initialize (D:\Projects\Satkhirar Amm\Satkhirar Amm - backend\node_modules\mongodb\lib\cursor\find_cursor.js:62:26)
    at async FindCursor.cursorInit (D:\Projects\Satkhirar Amm\Satkhirar Amm - backend\node_modules\mongodb\lib\cursor\abstract_cursor.js:632:27)
    at async FindCursor.fetchBatch (D:\Projects\Satkhirar Amm\Satkhirar Amm - backend\node_modules\mongodb\lib\cursor\abstract_cursor.js:666:13)
    at async FindCursor.next (D:\Projects\Satkhirar Amm\Satkhirar Amm - backend\node_modules\mongodb\lib\cursor\abstract_cursor.js:342:17)
    at async [Symbol.asyncIterator] (D:\Projects\Satkhirar Amm\Satkhirar Amm - backend\node_modules\mongodb\lib\cursor\abstract_cursor.js:250:34)
    at async FindCursor.toArray (D:\Projects\Satkhirar Amm\Satkhirar Amm - backend\node_modules\mongodb\lib\cursor\abstract_cursor.js:422:26)
    at async model.Query._find (D:\Projects\Satkhirar Amm\Satkhirar Amm - backend\node_modules\mongoose\lib\query.js:2430:14) {
  errorLabelSet: Set(0) {},
  reason: TopologyDescription {
    type: 'ReplicaSetNoPrimary',
    servers: Map(3) {
      'ac-ypx2wjq-shard-00-00.fflsjqd.mongodb.net:27017' => [ServerDescription],
      'ac-ypx2wjq-shard-00-01.fflsjqd.mongodb.net:27017' => [ServerDescription],
      'ac-ypx2wjq-shard-00-02.fflsjqd.mongodb.net:27017' => [ServerDescription]
    },
    stale: false,
    compatible: true,
    heartbeatFrequencyMS: 10000,
    localThresholdMS: 15,
    setName: 'atlas-crbsjf-shard-0',
    maxElectionId: new ObjectId('7fffffff0000000000000146'),
    maxSetVersion: 315,
    commonWireVersion: 0,
    logicalSessionTimeoutMinutes: null
  },
  code: undefined,
  [cause]: MongoNetworkError: getaddrinfo ENOTFOUND ac-ypx2wjq-shard-00-00.fflsjqd.mongodb.net
      at TLSSocket.<anonymous> (D:\Projects\Satkhirar Amm\Satkhirar Amm - backend\node_modules\mongodb\lib\cmap\connect.js:286:44)
      at Object.onceWrapper (node:events:623:26)
      at TLSSocket.emit (node:events:508:28)
      at emitErrorNT (node:internal/streams/destroy:170:8)
      at emitErrorCloseNT (node:internal/streams/destroy:129:3)
      at process.processTicksAndRejections (node:internal/process/task_queues:90:21) {
    errorLabelSet: Set(1) { 'ResetPool' },
    beforeHandshake: false,
    [cause]: Error: getaddrinfo ENOTFOUND ac-ypx2wjq-shard-00-00.fflsjqd.mongodb.net
        at GetAddrInfoReqWrap.onlookupall [as oncomplete] (node:dns:122:26) {
      errno: -3008,
      code: 'ENOTFOUND',
      syscall: 'getaddrinfo',
      hostname: 'ac-ypx2wjq-shard-00-00.fflsjqd.mongodb.net'
    }
  }
}
MongoServerSelectionError: getaddrinfo ENOTFOUND ac-ypx2wjq-shard-00-00.fflsjqd.mongodb.net
    at Topology.selectServer (D:\Projects\Satkhirar Amm\Satkhirar Amm - backend\node_modules\mongodb\lib\sdam\topology.js:327:38)
    at async tryOperation (D:\Projects\Satkhirar Amm\Satkhirar Amm - backend\node_modules\mongodb\lib\operations\execute_operation.js:148:18)
    at async executeOperation (D:\Projects\Satkhirar Amm\Satkhirar Amm - backend\node_modules\mongodb\lib\operations\execute_operation.js:78:16)
    at async FindCursor._initialize (D:\Projects\Satkhirar Amm\Satkhirar Amm - backend\node_modules\mongodb\lib\cursor\find_cursor.js:62:26)
    at async FindCursor.cursorInit (D:\Projects\Satkhirar Amm\Satkhirar Amm - backend\node_modules\mongodb\lib\cursor\abstract_cursor.js:632:27)
    at async FindCursor.fetchBatch (D:\Projects\Satkhirar Amm\Satkhirar Amm - backend\node_modules\mongodb\lib\cursor\abstract_cursor.js:666:13)
    at async FindCursor.next (D:\Projects\Satkhirar Amm\Satkhirar Amm - backend\node_modules\mongodb\lib\cursor\abstract_cursor.js:342:17)
    at async [Symbol.asyncIterator] (D:\Projects\Satkhirar Amm\Satkhirar Amm - backend\node_modules\mongodb\lib\cursor\abstract_cursor.js:250:34)
    at async FindCursor.toArray (D:\Projects\Satkhirar Amm\Satkhirar Amm - backend\node_modules\mongodb\lib\cursor\abstract_cursor.js:422:26)
    at async model.Query._find (D:\Projects\Satkhirar Amm\Satkhirar Amm - backend\node_modules\mongoose\lib\query.js:2430:14) {
  errorLabelSet: Set(0) {},
  reason: TopologyDescription {
    type: 'ReplicaSetNoPrimary',
    servers: Map(3) {
      'ac-ypx2wjq-shard-00-00.fflsjqd.mongodb.net:27017' => [ServerDescription],
      'ac-ypx2wjq-shard-00-01.fflsjqd.mongodb.net:27017' => [ServerDescription],
      'ac-ypx2wjq-shard-00-02.fflsjqd.mongodb.net:27017' => [ServerDescription]
    },
    stale: false,
    compatible: true,
    heartbeatFrequencyMS: 10000,
    localThresholdMS: 15,
    setName: 'atlas-crbsjf-shard-0',
    maxElectionId: new ObjectId('7fffffff0000000000000146'),
    maxSetVersion: 315,
    commonWireVersion: 0,
    logicalSessionTimeoutMinutes: null
  },
  code: undefined,
  [cause]: MongoNetworkError: getaddrinfo ENOTFOUND ac-ypx2wjq-shard-00-00.fflsjqd.mongodb.net
      at TLSSocket.<anonymous> (D:\Projects\Satkhirar Amm\Satkhirar Amm - backend\node_modules\mongodb\lib\cmap\connect.js:286:44)
      at Object.onceWrapper (node:events:623:26)
      at TLSSocket.emit (node:events:508:28)
      at emitErrorNT (node:internal/streams/destroy:170:8)
      at emitErrorCloseNT (node:internal/streams/destroy:129:3)
      at process.processTicksAndRejections (node:internal/process/task_queues:90:21) {
    errorLabelSet: Set(1) { 'ResetPool' },
    beforeHandshake: false,
    [cause]: Error: getaddrinfo ENOTFOUND ac-ypx2wjq-shard-00-00.fflsjqd.mongodb.net
        at GetAddrInfoReqWrap.onlookupall [as oncomplete] (node:dns:122:26) {
      errno: -3008,
      code: 'ENOTFOUND',
      syscall: 'getaddrinfo',
      hostname: 'ac-ypx2wjq-shard-00-00.fflsjqd.mongodb.net'
    }
  }
}
MongoServerSelectionError: getaddrinfo ENOTFOUND ac-ypx2wjq-shard-00-00.fflsjqd.mongodb.net
    at Topology.selectServer (D:\Projects\Satkhirar Amm\Satkhirar Amm - backend\node_modules\mongodb\lib\sdam\topology.js:327:38)
    at async tryOperation (D:\Projects\Satkhirar Amm\Satkhirar Amm - backend\node_modules\mongodb\lib\operations\execute_operation.js:148:18)
    at async executeOperation (D:\Projects\Satkhirar Amm\Satkhirar Amm - backend\node_modules\mongodb\lib\operations\execute_operation.js:78:16)
    at async FindCursor._initialize (D:\Projects\Satkhirar Amm\Satkhirar Amm - backend\node_modules\mongodb\lib\cursor\find_cursor.js:62:26)
    at async FindCursor.cursorInit (D:\Projects\Satkhirar Amm\Satkhirar Amm - backend\node_modules\mongodb\lib\cursor\abstract_cursor.js:632:27)
    at async FindCursor.fetchBatch (D:\Projects\Satkhirar Amm\Satkhirar Amm - backend\node_modules\mongodb\lib\cursor\abstract_cursor.js:666:13)
    at async FindCursor.next (D:\Projects\Satkhirar Amm\Satkhirar Amm - backend\node_modules\mongodb\lib\cursor\abstract_cursor.js:342:17)
    at async [Symbol.asyncIterator] (D:\Projects\Satkhirar Amm\Satkhirar Amm - backend\node_modules\mongodb\lib\cursor\abstract_cursor.js:250:34)
    at async FindCursor.toArray (D:\Projects\Satkhirar Amm\Satkhirar Amm - backend\node_modules\mongodb\lib\cursor\abstract_cursor.js:422:26)
    at async model.Query._find (D:\Projects\Satkhirar Amm\Satkhirar Amm - backend\node_modules\mongoose\lib\query.js:2430:14) {
  errorLabelSet: Set(0) {},
  reason: TopologyDescription {
    type: 'ReplicaSetNoPrimary',
    servers: Map(3) {
      'ac-ypx2wjq-shard-00-00.fflsjqd.mongodb.net:27017' => [ServerDescription],
      'ac-ypx2wjq-shard-00-01.fflsjqd.mongodb.net:27017' => [ServerDescription],
      'ac-ypx2wjq-shard-00-02.fflsjqd.mongodb.net:27017' => [ServerDescription]
    },
    stale: false,
    compatible: true,
    heartbeatFrequencyMS: 10000,
    localThresholdMS: 15,
    setName: 'atlas-crbsjf-shard-0',
    maxElectionId: new ObjectId('7fffffff0000000000000146'),
    maxSetVersion: 315,
    commonWireVersion: 0,
    logicalSessionTimeoutMinutes: null
  },
  code: undefined,
  [cause]: MongoNetworkError: getaddrinfo ENOTFOUND ac-ypx2wjq-shard-00-00.fflsjqd.mongodb.net
      at TLSSocket.<anonymous> (D:\Projects\Satkhirar Amm\Satkhirar Amm - backend\node_modules\mongodb\lib\cmap\connect.js:286:44)
      at Object.onceWrapper (node:events:623:26)
      at TLSSocket.emit (node:events:508:28)
      at emitErrorNT (node:internal/streams/destroy:170:8)
      at emitErrorCloseNT (node:internal/streams/destroy:129:3)
      at process.processTicksAndRejections (node:internal/process/task_queues:90:21) {
    errorLabelSet: Set(1) { 'ResetPool' },
    beforeHandshake: false,
    [cause]: Error: getaddrinfo ENOTFOUND ac-ypx2wjq-shard-00-00.fflsjqd.mongodb.net
        at GetAddrInfoReqWrap.onlookupall [as oncomplete] (node:dns:122:26) {
      errno: -3008,
      code: 'ENOTFOUND',
      syscall: 'getaddrinfo',
      hostname: 'ac-ypx2wjq-shard-00-00.fflsjqd.mongodb.net'
    }
  }
}
MongoServerSelectionError: getaddrinfo ENOTFOUND ac-ypx2wjq-shard-00-00.fflsjqd.mongodb.net
    at Topology.selectServer (D:\Projects\Satkhirar Amm\Satkhirar Amm - backend\node_modules\mongodb\lib\sdam\topology.js:327:38)
    at async tryOperation (D:\Projects\Satkhirar Amm\Satkhirar Amm - backend\node_modules\mongodb\lib\operations\execute_operation.js:148:18)
    at async executeOperation (D:\Projects\Satkhirar Amm\Satkhirar Amm - backend\node_modules\mongodb\lib\operations\execute_operation.js:78:16)
    at async FindCursor._initialize (D:\Projects\Satkhirar Amm\Satkhirar Amm - backend\node_modules\mongodb\lib\cursor\find_cursor.js:62:26)
    at async FindCursor.cursorInit (D:\Projects\Satkhirar Amm\Satkhirar Amm - backend\node_modules\mongodb\lib\cursor\abstract_cursor.js:632:27)
    at async FindCursor.fetchBatch (D:\Projects\Satkhirar Amm\Satkhirar Amm - backend\node_modules\mongodb\lib\cursor\abstract_cursor.js:666:13)
    at async FindCursor.next (D:\Projects\Satkhirar Amm\Satkhirar Amm - backend\node_modules\mongodb\lib\cursor\abstract_cursor.js:342:17)
    at async [Symbol.asyncIterator] (D:\Projects\Satkhirar Amm\Satkhirar Amm - backend\node_modules\mongodb\lib\cursor\abstract_cursor.js:250:34)
    at async FindCursor.toArray (D:\Projects\Satkhirar Amm\Satkhirar Amm - backend\node_modules\mongodb\lib\cursor\abstract_cursor.js:422:26)
    at async model.Query._find (D:\Projects\Satkhirar Amm\Satkhirar Amm - backend\node_modules\mongoose\lib\query.js:2430:14) {
  errorLabelSet: Set(0) {},
  reason: TopologyDescription {
    type: 'ReplicaSetNoPrimary',
    servers: Map(3) {
      'ac-ypx2wjq-shard-00-00.fflsjqd.mongodb.net:27017' => [ServerDescription],
      'ac-ypx2wjq-shard-00-01.fflsjqd.mongodb.net:27017' => [ServerDescription],
      'ac-ypx2wjq-shard-00-02.fflsjqd.mongodb.net:27017' => [ServerDescription]
    },
    stale: false,
    compatible: true,
    heartbeatFrequencyMS: 10000,
    localThresholdMS: 15,
    setName: 'atlas-crbsjf-shard-0',
    maxElectionId: new ObjectId('7fffffff0000000000000146'),
    maxSetVersion: 315,
    commonWireVersion: 0,
    logicalSessionTimeoutMinutes: null
  },
  code: undefined,
  [cause]: MongoNetworkError: getaddrinfo ENOTFOUND ac-ypx2wjq-shard-00-00.fflsjqd.mongodb.net
      at TLSSocket.<anonymous> (D:\Projects\Satkhirar Amm\Satkhirar Amm - backend\node_modules\mongodb\lib\cmap\connect.js:286:44)
      at Object.onceWrapper (node:events:623:26)
      at TLSSocket.emit (node:events:508:28)
      at emitErrorNT (node:internal/streams/destroy:170:8)
      at emitErrorCloseNT (node:internal/streams/destroy:129:3)
      at process.processTicksAndRejections (node:internal/process/task_queues:90:21) {
    errorLabelSet: Set(1) { 'ResetPool' },
    beforeHandshake: false,
    [cause]: Error: getaddrinfo ENOTFOUND ac-ypx2wjq-shard-00-00.fflsjqd.mongodb.net
        at GetAddrInfoReqWrap.onlookupall [as oncomplete] (node:dns:122:26) {
      errno: -3008,
      code: 'ENOTFOUND',
      syscall: 'getaddrinfo',
      hostname: 'ac-ypx2wjq-shard-00-00.fflsjqd.mongodb.net'
    }
  }
}
MongoServerSelectionError: getaddrinfo ENOTFOUND ac-ypx2wjq-shard-00-00.fflsjqd.mongodb.net
    at Topology.selectServer (D:\Projects\Satkhirar Amm\Satkhirar Amm - backend\node_modules\mongodb\lib\sdam\topology.js:327:38)
    at async tryOperation (D:\Projects\Satkhirar Amm\Satkhirar Amm - backend\node_modules\mongodb\lib\operations\execute_operation.js:148:18)
    at async executeOperation (D:\Projects\Satkhirar Amm\Satkhirar Amm - backend\node_modules\mongodb\lib\operations\execute_operation.js:78:16)
    at async FindCursor._initialize (D:\Projects\Satkhirar Amm\Satkhirar Amm - backend\node_modules\mongodb\lib\cursor\find_cursor.js:62:26)
    at async FindCursor.cursorInit (D:\Projects\Satkhirar Amm\Satkhirar Amm - backend\node_modules\mongodb\lib\cursor\abstract_cursor.js:632:27)
    at async FindCursor.fetchBatch (D:\Projects\Satkhirar Amm\Satkhirar Amm - backend\node_modules\mongodb\lib\cursor\abstract_cursor.js:666:13)
    at async FindCursor.next (D:\Projects\Satkhirar Amm\Satkhirar Amm - backend\node_modules\mongodb\lib\cursor\abstract_cursor.js:342:17)
    at async [Symbol.asyncIterator] (D:\Projects\Satkhirar Amm\Satkhirar Amm - backend\node_modules\mongodb\lib\cursor\abstract_cursor.js:250:34)
    at async FindCursor.toArray (D:\Projects\Satkhirar Amm\Satkhirar Amm - backend\node_modules\mongodb\lib\cursor\abstract_cursor.js:422:26)
    at async model.Query._find (D:\Projects\Satkhirar Amm\Satkhirar Amm - backend\node_modules\mongoose\lib\query.js:2430:14) {
  errorLabelSet: Set(0) {},
  reason: TopologyDescription {
    type: 'ReplicaSetNoPrimary',
    servers: Map(3) {
      'ac-ypx2wjq-shard-00-00.fflsjqd.mongodb.net:27017' => [ServerDescription],
      'ac-ypx2wjq-shard-00-01.fflsjqd.mongodb.net:27017' => [ServerDescription],
      'ac-ypx2wjq-shard-00-02.fflsjqd.mongodb.net:27017' => [ServerDescription]
    },
    stale: false,
    compatible: true,
    heartbeatFrequencyMS: 10000,
    localThresholdMS: 15,
    setName: 'atlas-crbsjf-shard-0',
    maxElectionId: new ObjectId('7fffffff0000000000000146'),
    maxSetVersion: 315,
    commonWireVersion: 0,
    logicalSessionTimeoutMinutes: null
  },
  code: undefined,
  [cause]: MongoNetworkError: getaddrinfo ENOTFOUND ac-ypx2wjq-shard-00-00.fflsjqd.mongodb.net
      at TLSSocket.<anonymous> (D:\Projects\Satkhirar Amm\Satkhirar Amm - backend\node_modules\mongodb\lib\cmap\connect.js:286:44)
      at Object.onceWrapper (node:events:623:26)
      at TLSSocket.emit (node:events:508:28)
      at emitErrorNT (node:internal/streams/destroy:170:8)
      at emitErrorCloseNT (node:internal/streams/destroy:129:3)
      at process.processTicksAndRejections (node:internal/process/task_queues:90:21) {
    errorLabelSet: Set(1) { 'ResetPool' },
    beforeHandshake: false,
    [cause]: Error: getaddrinfo ENOTFOUND ac-ypx2wjq-shard-00-00.fflsjqd.mongodb.net
        at GetAddrInfoReqWrap.onlookupall [as oncomplete] (node:dns:122:26) {
      errno: -3008,
      code: 'ENOTFOUND',
      syscall: 'getaddrinfo',
      hostname: 'ac-ypx2wjq-shard-00-00.fflsjqd.mongodb.net'
    }
  }
}
MongoServerSelectionError: getaddrinfo ENOTFOUND ac-ypx2wjq-shard-00-00.fflsjqd.mongodb.net
    at Topology.selectServer (D:\Projects\Satkhirar Amm\Satkhirar Amm - backend\node_modules\mongodb\lib\sdam\topology.js:327:38)
    at async tryOperation (D:\Projects\Satkhirar Amm\Satkhirar Amm - backend\node_modules\mongodb\lib\operations\execute_operation.js:148:18)
    at async executeOperation (D:\Projects\Satkhirar Amm\Satkhirar Amm - backend\node_modules\mongodb\lib\operations\execute_operation.js:78:16)
    at async FindCursor._initialize (D:\Projects\Satkhirar Amm\Satkhirar Amm - backend\node_modules\mongodb\lib\cursor\find_cursor.js:62:26)
    at async FindCursor.cursorInit (D:\Projects\Satkhirar Amm\Satkhirar Amm - backend\node_modules\mongodb\lib\cursor\abstract_cursor.js:632:27)
    at async FindCursor.fetchBatch (D:\Projects\Satkhirar Amm\Satkhirar Amm - backend\node_modules\mongodb\lib\cursor\abstract_cursor.js:666:13)
    at async FindCursor.next (D:\Projects\Satkhirar Amm\Satkhirar Amm - backend\node_modules\mongodb\lib\cursor\abstract_cursor.js:342:17)
    at async [Symbol.asyncIterator] (D:\Projects\Satkhirar Amm\Satkhirar Amm - backend\node_modules\mongodb\lib\cursor\abstract_cursor.js:250:34)
    at async FindCursor.toArray (D:\Projects\Satkhirar Amm\Satkhirar Amm - backend\node_modules\mongodb\lib\cursor\abstract_cursor.js:422:26)
    at async model.Query._find (D:\Projects\Satkhirar Amm\Satkhirar Amm - backend\node_modules\mongoose\lib\query.js:2430:14) {
  errorLabelSet: Set(0) {},
  reason: TopologyDescription {
    type: 'ReplicaSetNoPrimary',
    servers: Map(3) {
      'ac-ypx2wjq-shard-00-00.fflsjqd.mongodb.net:27017' => [ServerDescription],
      'ac-ypx2wjq-shard-00-01.fflsjqd.mongodb.net:27017' => [ServerDescription],
      'ac-ypx2wjq-shard-00-02.fflsjqd.mongodb.net:27017' => [ServerDescription]
    },
    stale: false,
    compatible: true,
    heartbeatFrequencyMS: 10000,
    localThresholdMS: 15,
    setName: 'atlas-crbsjf-shard-0',
    maxElectionId: new ObjectId('7fffffff0000000000000146'),
    maxSetVersion: 315,
    commonWireVersion: 0,
    logicalSessionTimeoutMinutes: null
  },
  code: undefined,
  [cause]: MongoNetworkError: getaddrinfo ENOTFOUND ac-ypx2wjq-shard-00-00.fflsjqd.mongodb.net
      at TLSSocket.<anonymous> (D:\Projects\Satkhirar Amm\Satkhirar Amm - backend\node_modules\mongodb\lib\cmap\connect.js:286:44)
      at Object.onceWrapper (node:events:623:26)
      at TLSSocket.emit (node:events:508:28)
      at emitErrorNT (node:internal/streams/destroy:170:8)
      at emitErrorCloseNT (node:internal/streams/destroy:129:3)
      at process.processTicksAndRejections (node:internal/process/task_queues:90:21) {
    errorLabelSet: Set(1) { 'ResetPool' },
    beforeHandshake: false,
    [cause]: Error: getaddrinfo ENOTFOUND ac-ypx2wjq-shard-00-00.fflsjqd.mongodb.net
        at GetAddrInfoReqWrap.onlookupall [as oncomplete] (node:dns:122:26) {
      errno: -3008,
      code: 'ENOTFOUND',
      syscall: 'getaddrinfo',
      hostname: 'ac-ypx2wjq-shard-00-00.fflsjqd.mongodb.net'
    }
  }
}
MongoServerSelectionError: getaddrinfo ENOTFOUND ac-ypx2wjq-shard-00-00.fflsjqd.mongodb.net
    at Topology.selectServer (D:\Projects\Satkhirar Amm\Satkhirar Amm - backend\node_modules\mongodb\lib\sdam\topology.js:327:38)
    at async tryOperation (D:\Projects\Satkhirar Amm\Satkhirar Amm - backend\node_modules\mongodb\lib\operations\execute_operation.js:148:18)
    at async executeOperation (D:\Projects\Satkhirar Amm\Satkhirar Amm - backend\node_modules\mongodb\lib\operations\execute_operation.js:78:16)
    at async FindCursor._initialize (D:\Projects\Satkhirar Amm\Satkhirar Amm - backend\node_modules\mongodb\lib\cursor\find_cursor.js:62:26)
    at async FindCursor.cursorInit (D:\Projects\Satkhirar Amm\Satkhirar Amm - backend\node_modules\mongodb\lib\cursor\abstract_cursor.js:632:27)
    at async FindCursor.fetchBatch (D:\Projects\Satkhirar Amm\Satkhirar Amm - backend\node_modules\mongodb\lib\cursor\abstract_cursor.js:666:13)
    at async FindCursor.next (D:\Projects\Satkhirar Amm\Satkhirar Amm - backend\node_modules\mongodb\lib\cursor\abstract_cursor.js:342:17)
    at async [Symbol.asyncIterator] (D:\Projects\Satkhirar Amm\Satkhirar Amm - backend\node_modules\mongodb\lib\cursor\abstract_cursor.js:250:34)
    at async FindCursor.toArray (D:\Projects\Satkhirar Amm\Satkhirar Amm - backend\node_modules\mongodb\lib\cursor\abstract_cursor.js:422:26)
    at async model.Query._find (D:\Projects\Satkhirar Amm\Satkhirar Amm - backend\node_modules\mongoose\lib\query.js:2430:14) {
  errorLabelSet: Set(0) {},
  reason: TopologyDescription {
    type: 'ReplicaSetNoPrimary',
    servers: Map(3) {
      'ac-ypx2wjq-shard-00-00.fflsjqd.mongodb.net:27017' => [ServerDescription],
      'ac-ypx2wjq-shard-00-01.fflsjqd.mongodb.net:27017' => [ServerDescription],
      'ac-ypx2wjq-shard-00-02.fflsjqd.mongodb.net:27017' => [ServerDescription]
    },
    stale: false,
    compatible: true,
    heartbeatFrequencyMS: 10000,
    localThresholdMS: 15,
    setName: 'atlas-crbsjf-shard-0',
    maxElectionId: new ObjectId('7fffffff0000000000000146'),
    maxSetVersion: 315,
    commonWireVersion: 0,
    logicalSessionTimeoutMinutes: null
  },
  code: undefined,
  [cause]: MongoNetworkError: getaddrinfo ENOTFOUND ac-ypx2wjq-shard-00-00.fflsjqd.mongodb.net
      at TLSSocket.<anonymous> (D:\Projects\Satkhirar Amm\Satkhirar Amm - backend\node_modules\mongodb\lib\cmap\connect.js:286:44)
      at Object.onceWrapper (node:events:623:26)
      at TLSSocket.emit (node:events:508:28)
      at emitErrorNT (node:internal/streams/destroy:170:8)
      at emitErrorCloseNT (node:internal/streams/destroy:129:3)
      at process.processTicksAndRejections (node:internal/process/task_queues:90:21) {
    errorLabelSet: Set(1) { 'ResetPool' },
    beforeHandshake: false,
    [cause]: Error: getaddrinfo ENOTFOUND ac-ypx2wjq-shard-00-00.fflsjqd.mongodb.net
        at GetAddrInfoReqWrap.onlookupall [as oncomplete] (node:dns:122:26) {
      errno: -3008,
      code: 'ENOTFOUND',
      syscall: 'getaddrinfo',
      hostname: 'ac-ypx2wjq-shard-00-00.fflsjqd.mongodb.net'
    }
  }
}
MongoServerSelectionError: getaddrinfo ENOTFOUND ac-ypx2wjq-shard-00-00.fflsjqd.mongodb.net
    at Topology.selectServer (D:\Projects\Satkhirar Amm\Satkhirar Amm - backend\node_modules\mongodb\lib\sdam\topology.js:327:38)
    at async tryOperation (D:\Projects\Satkhirar Amm\Satkhirar Amm - backend\node_modules\mongodb\lib\operations\execute_operation.js:148:18)
    at async executeOperation (D:\Projects\Satkhirar Amm\Satkhirar Amm - backend\node_modules\mongodb\lib\operations\execute_operation.js:78:16)
    at async FindCursor._initialize (D:\Projects\Satkhirar Amm\Satkhirar Amm - backend\node_modules\mongodb\lib\cursor\find_cursor.js:62:26)
    at async FindCursor.cursorInit (D:\Projects\Satkhirar Amm\Satkhirar Amm - backend\node_modules\mongodb\lib\cursor\abstract_cursor.js:632:27)
    at async FindCursor.fetchBatch (D:\Projects\Satkhirar Amm\Satkhirar Amm - backend\node_modules\mongodb\lib\cursor\abstract_cursor.js:666:13)
    at async FindCursor.next (D:\Projects\Satkhirar Amm\Satkhirar Amm - backend\node_modules\mongodb\lib\cursor\abstract_cursor.js:342:17)
    at async [Symbol.asyncIterator] (D:\Projects\Satkhirar Amm\Satkhirar Amm - backend\node_modules\mongodb\lib\cursor\abstract_cursor.js:250:34)
    at async FindCursor.toArray (D:\Projects\Satkhirar Amm\Satkhirar Amm - backend\node_modules\mongodb\lib\cursor\abstract_cursor.js:422:26)
    at async model.Query._find (D:\Projects\Satkhirar Amm\Satkhirar Amm - backend\node_modules\mongoose\lib\query.js:2430:14) {
  errorLabelSet: Set(0) {},
  reason: TopologyDescription {
    type: 'ReplicaSetNoPrimary',
    servers: Map(3) {
      'ac-ypx2wjq-shard-00-00.fflsjqd.mongodb.net:27017' => [ServerDescription],
      'ac-ypx2wjq-shard-00-01.fflsjqd.mongodb.net:27017' => [ServerDescription],
      'ac-ypx2wjq-shard-00-02.fflsjqd.mongodb.net:27017' => [ServerDescription]
    },
    stale: false,
    compatible: true,
    heartbeatFrequencyMS: 10000,
    localThresholdMS: 15,
    setName: 'atlas-crbsjf-shard-0',
    maxElectionId: new ObjectId('7fffffff0000000000000146'),
    maxSetVersion: 315,
    commonWireVersion: 0,
    logicalSessionTimeoutMinutes: null
  },
  code: undefined,
  [cause]: MongoNetworkError: getaddrinfo ENOTFOUND ac-ypx2wjq-shard-00-00.fflsjqd.mongodb.net
      at TLSSocket.<anonymous> (D:\Projects\Satkhirar Amm\Satkhirar Amm - backend\node_modules\mongodb\lib\cmap\connect.js:286:44)
      at Object.onceWrapper (node:events:623:26)
      at TLSSocket.emit (node:events:508:28)
      at emitErrorNT (node:internal/streams/destroy:170:8)
      at emitErrorCloseNT (node:internal/streams/destroy:129:3)
      at process.processTicksAndRejections (node:internal/process/task_queues:90:21) {
    errorLabelSet: Set(1) { 'ResetPool' },
    beforeHandshake: false,
    [cause]: Error: getaddrinfo ENOTFOUND ac-ypx2wjq-shard-00-00.fflsjqd.mongodb.net
        at GetAddrInfoReqWrap.onlookupall [as oncomplete] (node:dns:122:26) {
      errno: -3008,
      code: 'ENOTFOUND',
      syscall: 'getaddrinfo',
      hostname: 'ac-ypx2wjq-shard-00-00.fflsjqd.mongodb.net'
    }
  }
}
MongoServerSelectionError: getaddrinfo ENOTFOUND ac-ypx2wjq-shard-00-00.fflsjqd.mongodb.net
    at Topology.selectServer (D:\Projects\Satkhirar Amm\Satkhirar Amm - backend\node_modules\mongodb\lib\sdam\topology.js:327:38)
    at async tryOperation (D:\Projects\Satkhirar Amm\Satkhirar Amm - backend\node_modules\mongodb\lib\operations\execute_operation.js:148:18)
    at async executeOperation (D:\Projects\Satkhirar Amm\Satkhirar Amm - backend\node_modules\mongodb\lib\operations\execute_operation.js:78:16)
    at async FindCursor._initialize (D:\Projects\Satkhirar Amm\Satkhirar Amm - backend\node_modules\mongodb\lib\cursor\find_cursor.js:62:26)
    at async FindCursor.cursorInit (D:\Projects\Satkhirar Amm\Satkhirar Amm - backend\node_modules\mongodb\lib\cursor\abstract_cursor.js:632:27)
    at async FindCursor.fetchBatch (D:\Projects\Satkhirar Amm\Satkhirar Amm - backend\node_modules\mongodb\lib\cursor\abstract_cursor.js:666:13)
    at async FindCursor.next (D:\Projects\Satkhirar Amm\Satkhirar Amm - backend\node_modules\mongodb\lib\cursor\abstract_cursor.js:342:17)
    at async [Symbol.asyncIterator] (D:\Projects\Satkhirar Amm\Satkhirar Amm - backend\node_modules\mongodb\lib\cursor\abstract_cursor.js:250:34)
    at async FindCursor.toArray (D:\Projects\Satkhirar Amm\Satkhirar Amm - backend\node_modules\mongodb\lib\cursor\abstract_cursor.js:422:26)
    at async model.Query._find (D:\Projects\Satkhirar Amm\Satkhirar Amm - backend\node_modules\mongoose\lib\query.js:2430:14) {
  errorLabelSet: Set(0) {},
  reason: TopologyDescription {
    type: 'ReplicaSetNoPrimary',
    servers: Map(3) {
      'ac-ypx2wjq-shard-00-00.fflsjqd.mongodb.net:27017' => [ServerDescription],
      'ac-ypx2wjq-shard-00-01.fflsjqd.mongodb.net:27017' => [ServerDescription],
      'ac-ypx2wjq-shard-00-02.fflsjqd.mongodb.net:27017' => [ServerDescription]
    },
    stale: false,
    compatible: true,
    heartbeatFrequencyMS: 10000,
    localThresholdMS: 15,
    setName: 'atlas-crbsjf-shard-0',
    maxElectionId: new ObjectId('7fffffff0000000000000146'),
    maxSetVersion: 315,
    commonWireVersion: 0,
    logicalSessionTimeoutMinutes: null
  },
  code: undefined,
  [cause]: MongoNetworkError: getaddrinfo ENOTFOUND ac-ypx2wjq-shard-00-00.fflsjqd.mongodb.net
      at TLSSocket.<anonymous> (D:\Projects\Satkhirar Amm\Satkhirar Amm - backend\node_modules\mongodb\lib\cmap\connect.js:286:44)
      at Object.onceWrapper (node:events:623:26)
      at TLSSocket.emit (node:events:508:28)
      at emitErrorNT (node:internal/streams/destroy:170:8)
      at emitErrorCloseNT (node:internal/streams/destroy:129:3)
      at process.processTicksAndRejections (node:internal/process/task_queues:90:21) {
    errorLabelSet: Set(1) { 'ResetPool' },
    beforeHandshake: false,
    [cause]: Error: getaddrinfo ENOTFOUND ac-ypx2wjq-shard-00-00.fflsjqd.mongodb.net
        at GetAddrInfoReqWrap.onlookupall [as oncomplete] (node:dns:122:26) {
      errno: -3008,
      code: 'ENOTFOUND',
      syscall: 'getaddrinfo',
      hostname: 'ac-ypx2wjq-shard-00-00.fflsjqd.mongodb.net'
    }
  }
}
MongoServerSelectionError: getaddrinfo ENOTFOUND ac-ypx2wjq-shard-00-00.fflsjqd.mongodb.net
    at Topology.selectServer (D:\Projects\Satkhirar Amm\Satkhirar Amm - backend\node_modules\mongodb\lib\sdam\topology.js:327:38)
    at async tryOperation (D:\Projects\Satkhirar Amm\Satkhirar Amm - backend\node_modules\mongodb\lib\operations\execute_operation.js:148:18)
    at async executeOperation (D:\Projects\Satkhirar Amm\Satkhirar Amm - backend\node_modules\mongodb\lib\operations\execute_operation.js:78:16)
    at async FindCursor._initialize (D:\Projects\Satkhirar Amm\Satkhirar Amm - backend\node_modules\mongodb\lib\cursor\find_cursor.js:62:26)
    at async FindCursor.cursorInit (D:\Projects\Satkhirar Amm\Satkhirar Amm - backend\node_modules\mongodb\lib\cursor\abstract_cursor.js:632:27)
    at async FindCursor.fetchBatch (D:\Projects\Satkhirar Amm\Satkhirar Amm - backend\node_modules\mongodb\lib\cursor\abstract_cursor.js:666:13)
    at async FindCursor.next (D:\Projects\Satkhirar Amm\Satkhirar Amm - backend\node_modules\mongodb\lib\cursor\abstract_cursor.js:342:17)
    at async [Symbol.asyncIterator] (D:\Projects\Satkhirar Amm\Satkhirar Amm - backend\node_modules\mongodb\lib\cursor\abstract_cursor.js:250:34)
    at async FindCursor.toArray (D:\Projects\Satkhirar Amm\Satkhirar Amm - backend\node_modules\mongodb\lib\cursor\abstract_cursor.js:422:26)
    at async model.Query._find (D:\Projects\Satkhirar Amm\Satkhirar Amm - backend\node_modules\mongoose\lib\query.js:2430:14) {
  errorLabelSet: Set(0) {},
  reason: TopologyDescription {
    type: 'ReplicaSetNoPrimary',
    servers: Map(3) {
      'ac-ypx2wjq-shard-00-00.fflsjqd.mongodb.net:27017' => [ServerDescription],
      'ac-ypx2wjq-shard-00-01.fflsjqd.mongodb.net:27017' => [ServerDescription],
      'ac-ypx2wjq-shard-00-02.fflsjqd.mongodb.net:27017' => [ServerDescription]
    },
    stale: false,
    compatible: true,
    heartbeatFrequencyMS: 10000,
    localThresholdMS: 15,
    setName: 'atlas-crbsjf-shard-0',
    maxElectionId: new ObjectId('7fffffff0000000000000146'),
    maxSetVersion: 315,
    commonWireVersion: 0,
    logicalSessionTimeoutMinutes: null
  },
  code: undefined,
  [cause]: MongoNetworkError: getaddrinfo ENOTFOUND ac-ypx2wjq-shard-00-00.fflsjqd.mongodb.net
      at TLSSocket.<anonymous> (D:\Projects\Satkhirar Amm\Satkhirar Amm - backend\node_modules\mongodb\lib\cmap\connect.js:286:44)
      at Object.onceWrapper (node:events:623:26)
      at TLSSocket.emit (node:events:508:28)
      at emitErrorNT (node:internal/streams/destroy:170:8)
      at emitErrorCloseNT (node:internal/streams/destroy:129:3)
      at process.processTicksAndRejections (node:internal/process/task_queues:90:21) {
    errorLabelSet: Set(1) { 'ResetPool' },
    beforeHandshake: false,
    [cause]: Error: getaddrinfo ENOTFOUND ac-ypx2wjq-shard-00-00.fflsjqd.mongodb.net
        at GetAddrInfoReqWrap.onlookupall [as oncomplete] (node:dns:122:26) {
      errno: -3008,
      code: 'ENOTFOUND',
      syscall: 'getaddrinfo',
      hostname: 'ac-ypx2wjq-shard-00-00.fflsjqd.mongodb.net'
    }
  }
}
MongoServerSelectionError: getaddrinfo ENOTFOUND ac-ypx2wjq-shard-00-00.fflsjqd.mongodb.net
    at Topology.selectServer (D:\Projects\Satkhirar Amm\Satkhirar Amm - backend\node_modules\mongodb\lib\sdam\topology.js:327:38)
    at runNextTicks (node:internal/process/task_queues:65:5)
    at listOnTimeout (node:internal/timers:567:9)
    at process.processTimers (node:internal/timers:541:7)
    at async tryOperation (D:\Projects\Satkhirar Amm\Satkhirar Amm - backend\node_modules\mongodb\lib\operations\execute_operation.js:148:18)
    at async executeOperation (D:\Projects\Satkhirar Amm\Satkhirar Amm - backend\node_modules\mongodb\lib\operations\execute_operation.js:78:16)
    at async FindCursor._initialize (D:\Projects\Satkhirar Amm\Satkhirar Amm - backend\node_modules\mongodb\lib\cursor\find_cursor.js:62:26)
    at async FindCursor.cursorInit (D:\Projects\Satkhirar Amm\Satkhirar Amm - backend\node_modules\mongodb\lib\cursor\abstract_cursor.js:632:27)
    at async FindCursor.fetchBatch (D:\Projects\Satkhirar Amm\Satkhirar Amm - backend\node_modules\mongodb\lib\cursor\abstract_cursor.js:666:13)
    at async FindCursor.next (D:\Projects\Satkhirar Amm\Satkhirar Amm - backend\node_modules\mongodb\lib\cursor\abstract_cursor.js:342:17) {
  errorLabelSet: Set(0) {},
  reason: TopologyDescription {
    type: 'ReplicaSetNoPrimary',
    servers: Map(3) {
      'ac-ypx2wjq-shard-00-00.fflsjqd.mongodb.net:27017' => [ServerDescription],
      'ac-ypx2wjq-shard-00-01.fflsjqd.mongodb.net:27017' => [ServerDescription],
      'ac-ypx2wjq-shard-00-02.fflsjqd.mongodb.net:27017' => [ServerDescription]
    },
    stale: false,
    compatible: true,
    heartbeatFrequencyMS: 10000,
    localThresholdMS: 15,
    setName: 'atlas-crbsjf-shard-0',
    maxElectionId: new ObjectId('7fffffff0000000000000146'),
    maxSetVersion: 315,
    commonWireVersion: 0,
    logicalSessionTimeoutMinutes: null
  },
  code: undefined,
  [cause]: MongoNetworkError: getaddrinfo ENOTFOUND ac-ypx2wjq-shard-00-00.fflsjqd.mongodb.net
      at TLSSocket.<anonymous> (D:\Projects\Satkhirar Amm\Satkhirar Amm - backend\node_modules\mongodb\lib\cmap\connect.js:286:44)
      at Object.onceWrapper (node:events:623:26)
      at TLSSocket.emit (node:events:508:28)
      at emitErrorNT (node:internal/streams/destroy:170:8)
      at emitErrorCloseNT (node:internal/streams/destroy:129:3)
      at process.processTicksAndRejections (node:internal/process/task_queues:90:21) {
    errorLabelSet: Set(1) { 'ResetPool' },
    beforeHandshake: false,
    [cause]: Error: getaddrinfo ENOTFOUND ac-ypx2wjq-shard-00-00.fflsjqd.mongodb.net
        at GetAddrInfoReqWrap.onlookupall [as oncomplete] (node:dns:122:26) {
      errno: -3008,
      code: 'ENOTFOUND',
      syscall: 'getaddrinfo',
      hostname: 'ac-ypx2wjq-shard-00-00.fflsjqd.mongodb.net'
    }
  }
}
MongoServerSelectionError: getaddrinfo ENOTFOUND ac-ypx2wjq-shard-00-00.fflsjqd.mongodb.net
    at Topology.selectServer (D:\Projects\Satkhirar Amm\Satkhirar Amm - backend\node_modules\mongodb\lib\sdam\topology.js:327:38)
    at async tryOperation (D:\Projects\Satkhirar Amm\Satkhirar Amm - backend\node_modules\mongodb\lib\operations\execute_operation.js:148:18)
    at async executeOperation (D:\Projects\Satkhirar Amm\Satkhirar Amm - backend\node_modules\mongodb\lib\operations\execute_operation.js:78:16)
    at async FindCursor._initialize (D:\Projects\Satkhirar Amm\Satkhirar Amm - backend\node_modules\mongodb\lib\cursor\find_cursor.js:62:26)
    at async FindCursor.cursorInit (D:\Projects\Satkhirar Amm\Satkhirar Amm - backend\node_modules\mongodb\lib\cursor\abstract_cursor.js:632:27)
    at async FindCursor.fetchBatch (D:\Projects\Satkhirar Amm\Satkhirar Amm - backend\node_modules\mongodb\lib\cursor\abstract_cursor.js:666:13)
    at async FindCursor.next (D:\Projects\Satkhirar Amm\Satkhirar Amm - backend\node_modules\mongodb\lib\cursor\abstract_cursor.js:342:17)
    at async [Symbol.asyncIterator] (D:\Projects\Satkhirar Amm\Satkhirar Amm - backend\node_modules\mongodb\lib\cursor\abstract_cursor.js:250:34)
    at async FindCursor.toArray (D:\Projects\Satkhirar Amm\Satkhirar Amm - backend\node_modules\mongodb\lib\cursor\abstract_cursor.js:422:26)
    at async model.Query._find (D:\Projects\Satkhirar Amm\Satkhirar Amm - backend\node_modules\mongoose\lib\query.js:2430:14) {
  errorLabelSet: Set(0) {},
  reason: TopologyDescription {
    type: 'ReplicaSetNoPrimary',
    servers: Map(3) {
      'ac-ypx2wjq-shard-00-00.fflsjqd.mongodb.net:27017' => [ServerDescription],
      'ac-ypx2wjq-shard-00-01.fflsjqd.mongodb.net:27017' => [ServerDescription],
      'ac-ypx2wjq-shard-00-02.fflsjqd.mongodb.net:27017' => [ServerDescription]
    },
    stale: false,
    compatible: true,
    heartbeatFrequencyMS: 10000,
    localThresholdMS: 15,
    setName: 'atlas-crbsjf-shard-0',
    maxElectionId: new ObjectId('7fffffff0000000000000146'),
    maxSetVersion: 315,
    commonWireVersion: 0,
    logicalSessionTimeoutMinutes: null
  },
  code: undefined,
  [cause]: MongoNetworkError: getaddrinfo ENOTFOUND ac-ypx2wjq-shard-00-00.fflsjqd.mongodb.net
      at TLSSocket.<anonymous> (D:\Projects\Satkhirar Amm\Satkhirar Amm - backend\node_modules\mongodb\lib\cmap\connect.js:286:44)
      at Object.onceWrapper (node:events:623:26)
      at TLSSocket.emit (node:events:508:28)
      at emitErrorNT (node:internal/streams/destroy:170:8)
      at emitErrorCloseNT (node:internal/streams/destroy:129:3)
      at process.processTicksAndRejections (node:internal/process/task_queues:90:21) {
    errorLabelSet: Set(1) { 'ResetPool' },
    beforeHandshake: false,
    [cause]: Error: getaddrinfo ENOTFOUND ac-ypx2wjq-shard-00-00.fflsjqd.mongodb.net
        at GetAddrInfoReqWrap.onlookupall [as oncomplete] (node:dns:122:26) {
      errno: -3008,
      code: 'ENOTFOUND',
      syscall: 'getaddrinfo',
      hostname: 'ac-ypx2wjq-shard-00-00.fflsjqd.mongodb.net'
    }
  }
}
MongoServerSelectionError: getaddrinfo ENOTFOUND ac-ypx2wjq-shard-00-00.fflsjqd.mongodb.net
    at Topology.selectServer (D:\Projects\Satkhirar Amm\Satkhirar Amm - backend\node_modules\mongodb\lib\sdam\topology.js:327:38)
    at async tryOperation (D:\Projects\Satkhirar Amm\Satkhirar Amm - backend\node_modules\mongodb\lib\operations\execute_operation.js:148:18)
    at async executeOperation (D:\Projects\Satkhirar Amm\Satkhirar Amm - backend\node_modules\mongodb\lib\operations\execute_operation.js:78:16)
    at async FindCursor._initialize (D:\Projects\Satkhirar Amm\Satkhirar Amm - backend\node_modules\mongodb\lib\cursor\find_cursor.js:62:26)
    at async FindCursor.cursorInit (D:\Projects\Satkhirar Amm\Satkhirar Amm - backend\node_modules\mongodb\lib\cursor\abstract_cursor.js:632:27)
    at async FindCursor.fetchBatch (D:\Projects\Satkhirar Amm\Satkhirar Amm - backend\node_modules\mongodb\lib\cursor\abstract_cursor.js:666:13)
    at async FindCursor.next (D:\Projects\Satkhirar Amm\Satkhirar Amm - backend\node_modules\mongodb\lib\cursor\abstract_cursor.js:342:17)
    at async [Symbol.asyncIterator] (D:\Projects\Satkhirar Amm\Satkhirar Amm - backend\node_modules\mongodb\lib\cursor\abstract_cursor.js:250:34)
    at async FindCursor.toArray (D:\Projects\Satkhirar Amm\Satkhirar Amm - backend\node_modules\mongodb\lib\cursor\abstract_cursor.js:422:26)
    at async model.Query._find (D:\Projects\Satkhirar Amm\Satkhirar Amm - backend\node_modules\mongoose\lib\query.js:2430:14) {
  errorLabelSet: Set(0) {},
  reason: TopologyDescription {
    type: 'ReplicaSetNoPrimary',
    servers: Map(3) {
      'ac-ypx2wjq-shard-00-00.fflsjqd.mongodb.net:27017' => [ServerDescription],
      'ac-ypx2wjq-shard-00-01.fflsjqd.mongodb.net:27017' => [ServerDescription],
      'ac-ypx2wjq-shard-00-02.fflsjqd.mongodb.net:27017' => [ServerDescription]
    },
    stale: false,
    compatible: true,
    heartbeatFrequencyMS: 10000,
    localThresholdMS: 15,
    setName: 'atlas-crbsjf-shard-0',
    maxElectionId: new ObjectId('7fffffff0000000000000146'),
    maxSetVersion: 315,
    commonWireVersion: 0,
    logicalSessionTimeoutMinutes: null
  },
  code: undefined,
  [cause]: MongoNetworkError: getaddrinfo ENOTFOUND ac-ypx2wjq-shard-00-00.fflsjqd.mongodb.net
      at TLSSocket.<anonymous> (D:\Projects\Satkhirar Amm\Satkhirar Amm - backend\node_modules\mongodb\lib\cmap\connect.js:286:44)
      at Object.onceWrapper (node:events:623:26)
      at TLSSocket.emit (node:events:508:28)
      at emitErrorNT (node:internal/streams/destroy:170:8)
      at emitErrorCloseNT (node:internal/streams/destroy:129:3)
      at process.processTicksAndRejections (node:internal/process/task_queues:90:21) {
    errorLabelSet: Set(1) { 'ResetPool' },
    beforeHandshake: false,
    [cause]: Error: getaddrinfo ENOTFOUND ac-ypx2wjq-shard-00-00.fflsjqd.mongodb.net
        at GetAddrInfoReqWrap.onlookupall [as oncomplete] (node:dns:122:26) {
      errno: -3008,
      code: 'ENOTFOUND',
      syscall: 'getaddrinfo',
      hostname: 'ac-ypx2wjq-shard-00-00.fflsjqd.mongodb.net'
    }
  }
}
MongoServerSelectionError: getaddrinfo ENOTFOUND ac-ypx2wjq-shard-00-00.fflsjqd.mongodb.net
    at Topology.selectServer (D:\Projects\Satkhirar Amm\Satkhirar Amm - backend\node_modules\mongodb\lib\sdam\topology.js:327:38)
    at async tryOperation (D:\Projects\Satkhirar Amm\Satkhirar Amm - backend\node_modules\mongodb\lib\operations\execute_operation.js:148:18)
    at async executeOperation (D:\Projects\Satkhirar Amm\Satkhirar Amm - backend\node_modules\mongodb\lib\operations\execute_operation.js:78:16)
    at async FindCursor._initialize (D:\Projects\Satkhirar Amm\Satkhirar Amm - backend\node_modules\mongodb\lib\cursor\find_cursor.js:62:26)
    at async FindCursor.cursorInit (D:\Projects\Satkhirar Amm\Satkhirar Amm - backend\node_modules\mongodb\lib\cursor\abstract_cursor.js:632:27)
    at async FindCursor.fetchBatch (D:\Projects\Satkhirar Amm\Satkhirar Amm - backend\node_modules\mongodb\lib\cursor\abstract_cursor.js:666:13)
    at async FindCursor.next (D:\Projects\Satkhirar Amm\Satkhirar Amm - backend\node_modules\mongodb\lib\cursor\abstract_cursor.js:342:17)
    at async [Symbol.asyncIterator] (D:\Projects\Satkhirar Amm\Satkhirar Amm - backend\node_modules\mongodb\lib\cursor\abstract_cursor.js:250:34)
    at async FindCursor.toArray (D:\Projects\Satkhirar Amm\Satkhirar Amm - backend\node_modules\mongodb\lib\cursor\abstract_cursor.js:422:26)
    at async model.Query._find (D:\Projects\Satkhirar Amm\Satkhirar Amm - backend\node_modules\mongoose\lib\query.js:2430:14) {
  errorLabelSet: Set(0) {},
  reason: TopologyDescription {
    type: 'ReplicaSetNoPrimary',
    servers: Map(3) {
      'ac-ypx2wjq-shard-00-00.fflsjqd.mongodb.net:27017' => [ServerDescription],
      'ac-ypx2wjq-shard-00-01.fflsjqd.mongodb.net:27017' => [ServerDescription],
      'ac-ypx2wjq-shard-00-02.fflsjqd.mongodb.net:27017' => [ServerDescription]
    },
    stale: false,
    compatible: true,
    heartbeatFrequencyMS: 10000,
    localThresholdMS: 15,
    setName: 'atlas-crbsjf-shard-0',
    maxElectionId: new ObjectId('7fffffff0000000000000146'),
    maxSetVersion: 315,
    commonWireVersion: 0,
    logicalSessionTimeoutMinutes: null
  },
  code: undefined,
  [cause]: MongoNetworkError: getaddrinfo ENOTFOUND ac-ypx2wjq-shard-00-00.fflsjqd.mongodb.net
      at TLSSocket.<anonymous> (D:\Projects\Satkhirar Amm\Satkhirar Amm - backend\node_modules\mongodb\lib\cmap\connect.js:286:44)
      at Object.onceWrapper (node:events:623:26)
      at TLSSocket.emit (node:events:508:28)
      at emitErrorNT (node:internal/streams/destroy:170:8)
      at emitErrorCloseNT (node:internal/streams/destroy:129:3)
      at process.processTicksAndRejections (node:internal/process/task_queues:90:21) {
    errorLabelSet: Set(1) { 'ResetPool' },
    beforeHandshake: false,
    [cause]: Error: getaddrinfo ENOTFOUND ac-ypx2wjq-shard-00-00.fflsjqd.mongodb.net
        at GetAddrInfoReqWrap.onlookupall [as oncomplete] (node:dns:122:26) {
      errno: -3008,
      code: 'ENOTFOUND',
      syscall: 'getaddrinfo',
      hostname: 'ac-ypx2wjq-shard-00-00.fflsjqd.mongodb.net'
    }
  }
}
MongoServerSelectionError: getaddrinfo ENOTFOUND ac-ypx2wjq-shard-00-00.fflsjqd.mongodb.net
    at Topology.selectServer (D:\Projects\Satkhirar Amm\Satkhirar Amm - backend\node_modules\mongodb\lib\sdam\topology.js:327:38)
    at runNextTicks (node:internal/process/task_queues:65:5)
    at listOnTimeout (node:internal/timers:567:9)
    at process.processTimers (node:internal/timers:541:7)
    at async tryOperation (D:\Projects\Satkhirar Amm\Satkhirar Amm - backend\node_modules\mongodb\lib\operations\execute_operation.js:148:18)
    at async executeOperation (D:\Projects\Satkhirar Amm\Satkhirar Amm - backend\node_modules\mongodb\lib\operations\execute_operation.js:78:16)
    at async FindCursor._initialize (D:\Projects\Satkhirar Amm\Satkhirar Amm - backend\node_modules\mongodb\lib\cursor\find_cursor.js:62:26)
    at async FindCursor.cursorInit (D:\Projects\Satkhirar Amm\Satkhirar Amm - backend\node_modules\mongodb\lib\cursor\abstract_cursor.js:632:27)
    at async FindCursor.fetchBatch (D:\Projects\Satkhirar Amm\Satkhirar Amm - backend\node_modules\mongodb\lib\cursor\abstract_cursor.js:666:13)
    at async FindCursor.next (D:\Projects\Satkhirar Amm\Satkhirar Amm - backend\node_modules\mongodb\lib\cursor\abstract_cursor.js:342:17) {
  errorLabelSet: Set(0) {},
  reason: TopologyDescription {
    type: 'ReplicaSetNoPrimary',
    servers: Map(3) {
      'ac-ypx2wjq-shard-00-00.fflsjqd.mongodb.net:27017' => [ServerDescription],
      'ac-ypx2wjq-shard-00-01.fflsjqd.mongodb.net:27017' => [ServerDescription],
      'ac-ypx2wjq-shard-00-02.fflsjqd.mongodb.net:27017' => [ServerDescription]
    },
    stale: false,
    compatible: true,
    heartbeatFrequencyMS: 10000,
    localThresholdMS: 15,
    setName: 'atlas-crbsjf-shard-0',
    maxElectionId: new ObjectId('7fffffff0000000000000146'),
    maxSetVersion: 315,
    commonWireVersion: 0,
    logicalSessionTimeoutMinutes: null
  },
  code: undefined,
  [cause]: MongoNetworkError: getaddrinfo ENOTFOUND ac-ypx2wjq-shard-00-00.fflsjqd.mongodb.net
      at TLSSocket.<anonymous> (D:\Projects\Satkhirar Amm\Satkhirar Amm - backend\node_modules\mongodb\lib\cmap\connect.js:286:44)
      at Object.onceWrapper (node:events:623:26)
      at TLSSocket.emit (node:events:508:28)
      at emitErrorNT (node:internal/streams/destroy:170:8)
      at emitErrorCloseNT (node:internal/streams/destroy:129:3)
      at process.processTicksAndRejections (node:internal/process/task_queues:90:21) {
    errorLabelSet: Set(1) { 'ResetPool' },
    beforeHandshake: false,
    [cause]: Error: getaddrinfo ENOTFOUND ac-ypx2wjq-shard-00-00.fflsjqd.mongodb.net
        at GetAddrInfoReqWrap.onlookupall [as oncomplete] (node:dns:122:26) {
      errno: -3008,
      code: 'ENOTFOUND',
      syscall: 'getaddrinfo',
      hostname: 'ac-ypx2wjq-shard-00-00.fflsjqd.mongodb.net'
    }
  }
}
MongoServerSelectionError: getaddrinfo ENOTFOUND ac-ypx2wjq-shard-00-00.fflsjqd.mongodb.net
    at Topology.selectServer (D:\Projects\Satkhirar Amm\Satkhirar Amm - backend\node_modules\mongodb\lib\sdam\topology.js:327:38)
    at async tryOperation (D:\Projects\Satkhirar Amm\Satkhirar Amm - backend\node_modules\mongodb\lib\operations\execute_operation.js:148:18)
    at async executeOperation (D:\Projects\Satkhirar Amm\Satkhirar Amm - backend\node_modules\mongodb\lib\operations\execute_operation.js:78:16)
    at async FindCursor._initialize (D:\Projects\Satkhirar Amm\Satkhirar Amm - backend\node_modules\mongodb\lib\cursor\find_cursor.js:62:26)
    at async FindCursor.cursorInit (D:\Projects\Satkhirar Amm\Satkhirar Amm - backend\node_modules\mongodb\lib\cursor\abstract_cursor.js:632:27)
    at async FindCursor.fetchBatch (D:\Projects\Satkhirar Amm\Satkhirar Amm - backend\node_modules\mongodb\lib\cursor\abstract_cursor.js:666:13)
    at async FindCursor.next (D:\Projects\Satkhirar Amm\Satkhirar Amm - backend\node_modules\mongodb\lib\cursor\abstract_cursor.js:342:17)
    at async [Symbol.asyncIterator] (D:\Projects\Satkhirar Amm\Satkhirar Amm - backend\node_modules\mongodb\lib\cursor\abstract_cursor.js:250:34)
    at async FindCursor.toArray (D:\Projects\Satkhirar Amm\Satkhirar Amm - backend\node_modules\mongodb\lib\cursor\abstract_cursor.js:422:26)
    at async model.Query._find (D:\Projects\Satkhirar Amm\Satkhirar Amm - backend\node_modules\mongoose\lib\query.js:2430:14) {
  errorLabelSet: Set(0) {},
  reason: TopologyDescription {
    type: 'ReplicaSetNoPrimary',
    servers: Map(3) {
      'ac-ypx2wjq-shard-00-00.fflsjqd.mongodb.net:27017' => [ServerDescription],
      'ac-ypx2wjq-shard-00-01.fflsjqd.mongodb.net:27017' => [ServerDescription],
      'ac-ypx2wjq-shard-00-02.fflsjqd.mongodb.net:27017' => [ServerDescription]
    },
    stale: false,
    compatible: true,
    heartbeatFrequencyMS: 10000,
    localThresholdMS: 15,
    setName: 'atlas-crbsjf-shard-0',
    maxElectionId: new ObjectId('7fffffff0000000000000146'),
    maxSetVersion: 315,
    commonWireVersion: 0,
    logicalSessionTimeoutMinutes: null
  },
  code: undefined,
  [cause]: MongoNetworkError: getaddrinfo ENOTFOUND ac-ypx2wjq-shard-00-00.fflsjqd.mongodb.net
      at TLSSocket.<anonymous> (D:\Projects\Satkhirar Amm\Satkhirar Amm - backend\node_modules\mongodb\lib\cmap\connect.js:286:44)
      at Object.onceWrapper (node:events:623:26)
      at TLSSocket.emit (node:events:508:28)
      at emitErrorNT (node:internal/streams/destroy:170:8)
      at emitErrorCloseNT (node:internal/streams/destroy:129:3)
      at process.processTicksAndRejections (node:internal/process/task_queues:90:21) {
    errorLabelSet: Set(1) { 'ResetPool' },
    beforeHandshake: false,
    [cause]: Error: getaddrinfo ENOTFOUND ac-ypx2wjq-shard-00-00.fflsjqd.mongodb.net
        at GetAddrInfoReqWrap.onlookupall [as oncomplete] (node:dns:122:26) {
      errno: -3008,
      code: 'ENOTFOUND',
      syscall: 'getaddrinfo',
      hostname: 'ac-ypx2wjq-shard-00-00.fflsjqd.mongodb.net'
    }
  }
}
MongoServerSelectionError: getaddrinfo ENOTFOUND ac-ypx2wjq-shard-00-00.fflsjqd.mongodb.net
    at Topology.selectServer (D:\Projects\Satkhirar Amm\Satkhirar Amm - backend\node_modules\mongodb\lib\sdam\topology.js:327:38)
    at async tryOperation (D:\Projects\Satkhirar Amm\Satkhirar Amm - backend\node_modules\mongodb\lib\operations\execute_operation.js:148:18)
    at async executeOperation (D:\Projects\Satkhirar Amm\Satkhirar Amm - backend\node_modules\mongodb\lib\operations\execute_operation.js:78:16)
    at async FindCursor._initialize (D:\Projects\Satkhirar Amm\Satkhirar Amm - backend\node_modules\mongodb\lib\cursor\find_cursor.js:62:26)
    at async FindCursor.cursorInit (D:\Projects\Satkhirar Amm\Satkhirar Amm - backend\node_modules\mongodb\lib\cursor\abstract_cursor.js:632:27)
    at async FindCursor.fetchBatch (D:\Projects\Satkhirar Amm\Satkhirar Amm - backend\node_modules\mongodb\lib\cursor\abstract_cursor.js:666:13)
    at async FindCursor.next (D:\Projects\Satkhirar Amm\Satkhirar Amm - backend\node_modules\mongodb\lib\cursor\abstract_cursor.js:342:17)
    at async [Symbol.asyncIterator] (D:\Projects\Satkhirar Amm\Satkhirar Amm - backend\node_modules\mongodb\lib\cursor\abstract_cursor.js:250:34)
    at async FindCursor.toArray (D:\Projects\Satkhirar Amm\Satkhirar Amm - backend\node_modules\mongodb\lib\cursor\abstract_cursor.js:422:26)
    at async model.Query._find (D:\Projects\Satkhirar Amm\Satkhirar Amm - backend\node_modules\mongoose\lib\query.js:2430:14) {
  errorLabelSet: Set(0) {},
  reason: TopologyDescription {
    type: 'ReplicaSetNoPrimary',
    servers: Map(3) {
      'ac-ypx2wjq-shard-00-00.fflsjqd.mongodb.net:27017' => [ServerDescription],
      'ac-ypx2wjq-shard-00-01.fflsjqd.mongodb.net:27017' => [ServerDescription],
      'ac-ypx2wjq-shard-00-02.fflsjqd.mongodb.net:27017' => [ServerDescription]
    },
    stale: false,
    compatible: true,
    heartbeatFrequencyMS: 10000,
    localThresholdMS: 15,
    setName: 'atlas-crbsjf-shard-0',
    maxElectionId: new ObjectId('7fffffff0000000000000146'),
    maxSetVersion: 315,
    commonWireVersion: 0,
    logicalSessionTimeoutMinutes: null
  },
  code: undefined,
  [cause]: MongoNetworkError: getaddrinfo ENOTFOUND ac-ypx2wjq-shard-00-00.fflsjqd.mongodb.net
      at TLSSocket.<anonymous> (D:\Projects\Satkhirar Amm\Satkhirar Amm - backend\node_modules\mongodb\lib\cmap\connect.js:286:44)
      at Object.onceWrapper (node:events:623:26)
      at TLSSocket.emit (node:events:508:28)
      at emitErrorNT (node:internal/streams/destroy:170:8)
      at emitErrorCloseNT (node:internal/streams/destroy:129:3)
      at process.processTicksAndRejections (node:internal/process/task_queues:90:21) {
    errorLabelSet: Set(1) { 'ResetPool' },
    beforeHandshake: false,
    [cause]: Error: getaddrinfo ENOTFOUND ac-ypx2wjq-shard-00-00.fflsjqd.mongodb.net
        at GetAddrInfoReqWrap.onlookupall [as oncomplete] (node:dns:122:26) {
      errno: -3008,
      code: 'ENOTFOUND',
      syscall: 'getaddrinfo',
      hostname: 'ac-ypx2wjq-shard-00-00.fflsjqd.mongodb.net'
    }
  }
}
MongoServerSelectionError: getaddrinfo ENOTFOUND ac-ypx2wjq-shard-00-00.fflsjqd.mongodb.net
    at Topology.selectServer (D:\Projects\Satkhirar Amm\Satkhirar Amm - backend\node_modules\mongodb\lib\sdam\topology.js:327:38)
    at async tryOperation (D:\Projects\Satkhirar Amm\Satkhirar Amm - backend\node_modules\mongodb\lib\operations\execute_operation.js:148:18)
    at async executeOperation (D:\Projects\Satkhirar Amm\Satkhirar Amm - backend\node_modules\mongodb\lib\operations\execute_operation.js:78:16)
    at async FindCursor._initialize (D:\Projects\Satkhirar Amm\Satkhirar Amm - backend\node_modules\mongodb\lib\cursor\find_cursor.js:62:26)
    at async FindCursor.cursorInit (D:\Projects\Satkhirar Amm\Satkhirar Amm - backend\node_modules\mongodb\lib\cursor\abstract_cursor.js:632:27)
    at async FindCursor.fetchBatch (D:\Projects\Satkhirar Amm\Satkhirar Amm - backend\node_modules\mongodb\lib\cursor\abstract_cursor.js:666:13)
    at async FindCursor.next (D:\Projects\Satkhirar Amm\Satkhirar Amm - backend\node_modules\mongodb\lib\cursor\abstract_cursor.js:342:17)
    at async [Symbol.asyncIterator] (D:\Projects\Satkhirar Amm\Satkhirar Amm - backend\node_modules\mongodb\lib\cursor\abstract_cursor.js:250:34)
    at async FindCursor.toArray (D:\Projects\Satkhirar Amm\Satkhirar Amm - backend\node_modules\mongodb\lib\cursor\abstract_cursor.js:422:26)
    at async model.Query._find (D:\Projects\Satkhirar Amm\Satkhirar Amm - backend\node_modules\mongoose\lib\query.js:2430:14) {
  errorLabelSet: Set(0) {},
  reason: TopologyDescription {
    type: 'ReplicaSetNoPrimary',
    servers: Map(3) {
      'ac-ypx2wjq-shard-00-00.fflsjqd.mongodb.net:27017' => [ServerDescription],
      'ac-ypx2wjq-shard-00-01.fflsjqd.mongodb.net:27017' => [ServerDescription],
      'ac-ypx2wjq-shard-00-02.fflsjqd.mongodb.net:27017' => [ServerDescription]
    },
    stale: false,
    compatible: true,
    heartbeatFrequencyMS: 10000,
    localThresholdMS: 15,
    setName: 'atlas-crbsjf-shard-0',
    maxElectionId: new ObjectId('7fffffff0000000000000146'),
    maxSetVersion: 315,
    commonWireVersion: 0,
    logicalSessionTimeoutMinutes: null
  },
  code: undefined,
  [cause]: MongoNetworkError: getaddrinfo ENOTFOUND ac-ypx2wjq-shard-00-00.fflsjqd.mongodb.net
      at TLSSocket.<anonymous> (D:\Projects\Satkhirar Amm\Satkhirar Amm - backend\node_modules\mongodb\lib\cmap\connect.js:286:44)
      at Object.onceWrapper (node:events:623:26)
      at TLSSocket.emit (node:events:508:28)
      at emitErrorNT (node:internal/streams/destroy:170:8)
      at emitErrorCloseNT (node:internal/streams/destroy:129:3)
      at process.processTicksAndRejections (node:internal/process/task_queues:90:21) {
    errorLabelSet: Set(1) { 'ResetPool' },
    beforeHandshake: false,
    [cause]: Error: getaddrinfo ENOTFOUND ac-ypx2wjq-shard-00-00.fflsjqd.mongodb.net
        at GetAddrInfoReqWrap.onlookupall [as oncomplete] (node:dns:122:26) {
      errno: -3008,
      code: 'ENOTFOUND',
      syscall: 'getaddrinfo',
      hostname: 'ac-ypx2wjq-shard-00-00.fflsjqd.mongodb.net'
    }
  }
}
